"pathway","NES","padj","size","input","leadingEdge"
"ATP Metabolic Process (GO:0046034)",1.04144418665231,0.766694370473396,10,"TNBC signature","ALDOA,PARP1,HSPA8"
"Apoptotic Process (GO:0006915)",-1.18808440020855,0.631025854879066,23,"TNBC signature","IER3,NFKBIA,PMAIP1,GADD45A"
"Cellular Component Assembly (GO:0022607)",-0.891456228535964,0.882541576553061,11,"TNBC signature","CDC42"
"Cellular Response To Cytokine Stimulus (GO:0071345)",-0.872771138566224,0.899778181084896,22,"TNBC signature","NFKBIA,CCL2"
"Cellular Response To Decreased Oxygen Levels (GO:0036294)",-1.56197879859328,0.466234078346551,10,"TNBC signature","HMOX1,PMAIP1"
"Cellular Response To Growth Factor Stimulus (GO:0071363)",-1.02553680454185,0.766694370473396,21,"TNBC signature","CCL2,HSPB1,CD44,SMAD3,PTPN12,NR3C1,MAPKAPK2"
"Cellular Response To Hypoxia (GO:0071456)",-1.56197879859328,0.466234078346551,10,"TNBC signature","HMOX1,PMAIP1"
"Cellular Response To Insulin Stimulus (GO:0032869)",0.990296936898318,0.786125539770949,10,"TNBC signature","PARP1,SHC1,PIK3R3"
"Cellular Response To Lipid (GO:0071396)",-1.27555354626292,0.577490658053075,17,"TNBC signature","CCL2,CXCL2,NRIP1,HSPA1B"
"Cellular Response To Metal Ion (GO:0071248)",0.766035722703972,0.899778181084896,12,"TNBC signature","BNIP3,CPNE3,CLIC4,EGFR,LGMN"
"Cellular Response To Organic Cyclic Compound (GO:0071407)",-1.32474442667085,0.566883116883117,14,"TNBC signature","CCL2,NRIP1,TIPARP,HSPA1B"
"Cellular Response To Oxidative Stress (GO:0034599)",-1.21686013891042,0.631025854879066,19,"TNBC signature","HMOX1,NFE2L2,HSPA1B,FOXO3,SQSTM1,TPM1,HIF1A"
"Cellular Response To Oxygen-Containing Compound (GO:1901701)",-1.10072847888765,0.704704081367894,26,"TNBC signature","CCL2,CXCL2,NRIP1"
"Cellular Response To Reactive Oxygen Species (GO:0034614)",-1.4626381192573,0.466234078346551,10,"TNBC signature","EDN1,NFE2L2,SQSTM1,TPM1"
"Cellular Response To Starvation (GO:0009267)",-1.20439154249004,0.66874494169839,10,"TNBC signature","PMAIP1,FOXO3"
"Cellular Response To Tumor Necrosis Factor (GO:0071356)",-1.39251529756355,0.48746502198618,15,"TNBC signature","NFKBIA,CCL2,NFE2L2,FOXO3"
"Chromatin Organization (GO:0006325)",0.869800573143864,0.896182834913688,20,"TNBC signature","HDAC2,PSIP1,RUVBL1,SMARCA4"
"Chromatin Remodeling (GO:0006338)",0.986607548832169,0.786125539770949,17,"TNBC signature","HDAC2,PSIP1,RUVBL1,SMARCA4"
"Cytokine-Mediated Signaling Pathway (GO:0019221)",-1.64985138745743,0.204640039562843,17,"TNBC signature","NFKBIA,CCL2,CXCL2"
"DNA Damage Response (GO:0006974)",-1.0982108283233,0.704704081367894,26,"TNBC signature","IER3,GADD45A,VAV3,BCL2,CHEK2,CDKN1A,MAPKAPK2,PDS5A"
"DNA Metabolic Process (GO:0006259)",0.608055895501274,0.982160526442192,19,"TNBC signature","PARP1,POLB,RUVBL1,RFC2"
"DNA Repair (GO:0006281)",0.723385442138628,0.94141154642118,19,"TNBC signature","PARP1,POLB,PCNA"
"DNA-templated Transcription (GO:0006351)",-1.27609019635842,0.577490658053075,20,"TNBC signature","CEBPD,MRPL12,FOXO3"
"Defense Response To Virus (GO:0051607)",0.936092608420491,0.837631768953069,11,"TNBC signature","DDIT4,STAT1,BNIP3,EXOSC4"
"Endomembrane System Organization (GO:0010256)",-1.74977920685459,0.148662088166213,11,"TNBC signature","REEP5,CSNK1A1,CDC42,SQSTM1,TMED10"
"Establishment Of Protein Localization To Mitochondrion (GO:0072655)",1.23760542693118,0.631025854879066,10,"TNBC signature","HSPD1,FIS1,TIMM17B,TOMM34,FBXO7,RALA"
"Gene Expression (GO:0010467)",0.556214797960286,0.982160526442192,19,"TNBC signature","HSPD1,EXOSC4,MRPS16"
"Inflammatory Response (GO:0006954)",-1.77688736180865,0.148662088166213,11,"TNBC signature","CCL2,CXCL2,NFATC3,CD44,STAT3"
"Intracellular Protein Transport (GO:0006886)",0.475403703178827,0.99113475177305,23,"TNBC signature","COPB2"
"Intrinsic Apoptotic Signaling Pathway (GO:0097193)",-1.29287977313999,0.577490658053075,14,"TNBC signature","PMAIP1,ERO1A,BCL2,CHEK2"
"Membrane Organization (GO:0061024)",-1.10768028796637,0.756731043668538,10,"TNBC signature","REEP5,CHMP4A"
"Mitochondrial Transport (GO:0006839)",-0.844216121805925,0.899778181084896,13,"TNBC signature","PMAIP1"
"Mitochondrion Organization (GO:0007005)",1.39339678844626,0.466234078346551,21,"TNBC signature","HSPD1,PARP1,BNIP3,FIS1,TIMM17B,OXA1L,HSD17B10,MTFR1,TOMM34,SLC25A4,YME1L1,DNAJA3,FBXO7,BID"
"Mitotic Cell Cycle Phase Transition (GO:0044772)",0.795536824239151,0.899778181084896,13,"TNBC signature","CDK4,CCND1,CDK6,CCND3,CDC25B,EIF4EBP1"
"Mitotic Sister Chromatid Segregation (GO:0000070)",-1.09865877081623,0.757671564069184,10,"TNBC signature","CHMP4A,AKAP8L,CHEK2"
"Modification-Dependent Protein Catabolic Process (GO:0019941)",0.59598918824556,0.982160526442192,14,"TNBC signature","UBE2L6,KEAP1,RNF167,PSMF1"
"Negative Regulation Of Apoptotic Process (GO:0043066)",-1.33936938472141,0.466234078346551,47,"TNBC signature","IER3,CCL2,HSPB1,FHL2,UFM1,DNAJB6,ERBB3,CD44,HSPA1B,TJP1,TFAP2A,SOCS2,BCL2"
"Negative Regulation Of Apoptotic Signaling Pathway (GO:2001234)",-1.04636217182472,0.76884675176808,10,"TNBC signature","HERPUD1,BCL2"
"Negative Regulation Of Binding (GO:0051100)",-1.15951612521879,0.704704081367894,11,"TNBC signature","NFKBIA,DNAJB2,CDKN1A,LRPAP1"
"Negative Regulation Of Cell Cycle (GO:0045786)",1.1953408439715,0.667520594735785,10,"TNBC signature","CDKN2A,CDK6"
"Negative Regulation Of Cell Death (GO:0060548)",-0.743219427201525,0.899778181084896,10,"TNBC signature","CHMP4A,HSPA1B,BNIP3L"
"Negative Regulation Of Cell Differentiation (GO:0045596)",-1.40659680270433,0.466234078346551,17,"TNBC signature","NFKBIA,SOX4,BAMBI,ID2,SMAD3,SUZ12"
"Negative Regulation Of Cell Growth (GO:0030308)",1.09473971155946,0.751521859435528,13,"TNBC signature","CDKN2A,CCDC85B"
"Negative Regulation Of Cell Migration (GO:0030336)",-0.984678873831399,0.791371887888732,14,"TNBC signature","HMOX1,TRIB1,FOXO3,TPM1"
"Negative Regulation Of Cell Motility (GO:2000146)",0.630631045813765,0.982160526442192,12,"TNBC signature","HDAC2,CLIC4,PIN1"
"Negative Regulation Of Cell Population Proliferation (GO:0008285)",0.838294229529617,0.899778181084896,28,"TNBC signature","APOE,CDKN2A,CDK6,ITGB1BP1,APP,ATF5"
"Negative Regulation Of Cellular Process (GO:0048523)",-0.861471799311436,0.899778181084896,40,"TNBC signature","SOX4,ADAM10,CHMP4A,ERBB3,HSPA1B,TFAP2A,CRK,SMAD3,DNAJB2,GMNN,SUZ12"
"Negative Regulation Of DNA-binding Transcription Factor Activity (GO:0043433)",-1.02646949778,0.771159491193738,12,"TNBC signature","NFKBIA,BHLHE40,ID2,TRIB1"
"Negative Regulation Of DNA-templated Transcription (GO:0045892)",-1.18514060296875,0.581380867128512,65,"TNBC signature","EDN1,GADD45A,SOX4,FHL2,ARID5B,BHLHE40,NRIP1,ID2,NFATC3,NFIL3,MUC1,TFAP2A,FOXO3,SMAD3,STAT3,GMNN"
"Negative Regulation Of Gene Expression (GO:0010629)",1.11647254971792,0.704704081367894,23,"TNBC signature","GAPDH,APOE"
"Negative Regulation Of Growth (GO:0045926)",1.09473971155946,0.751521859435528,13,"TNBC signature","CDKN2A,CCDC85B"
"Negative Regulation Of Intracellular Signal Transduction (GO:1902532)",0.718644480628975,0.94141154642118,17,"TNBC signature","DDIT4,STAT1"
"Negative Regulation Of MAPK Cascade (GO:0043409)",1.15190331642968,0.704704081367894,13,"TNBC signature","APOE,RGS2,ITGB1BP1"
"Negative Regulation Of Macromolecule Metabolic Process (GO:0010605)",-0.991323186361349,0.780022468809744,15,"TNBC signature","EDN1,ID2,TIPARP,ADAM10,SMAD3,STAT3"
"Negative Regulation Of Multicellular Organismal Process (GO:0051241)",1.52685972772086,0.466234078346551,12,"TNBC signature","HDAC2,PARP1,RGS2,GRN"
"Negative Regulation Of Neuron Death (GO:1901215)",0.785989015370408,0.899778181084896,10,"TNBC signature","APOE,GRN"
"Negative Regulation Of Nucleic Acid-Templated Transcription (GO:1903507)",0.912575574630596,0.878079149279849,35,"TNBC signature","CDKN2A,HDAC2,CCDC85B,PARP1,HSPA8,ATF5,SMARCA4,SHC1"
"Negative Regulation Of Programmed Cell Death (GO:0043069)",-1.43151641614222,0.466234078346551,39,"TNBC signature","IER3,HSPB1,FHL2,UFM1,ERBB3,CD44,HSPA1B,TJP1,TFAP2A,SOCS2,BCL2"
"Negative Regulation Of Protein Binding (GO:0032091)",0.515519313711126,0.982160526442192,10,"TNBC signature","ITGB1BP1,PIN1"
"Negative Regulation Of Protein Kinase Activity (GO:0006469)",-1.21496466009335,0.631025854879066,14,"TNBC signature","GADD45A,HSPB1,TRIB1"
"Negative Regulation Of Protein Phosphorylation (GO:0001933)",-0.684061251360266,0.976476630713919,17,"TNBC signature","HSPB1,TRIB1,CALM2,CDKN1A,TERF2IP,SPRED2"
"Negative Regulation Of Protein Serine/Threonine Kinase Activity (GO:0071901)",1.47373794355228,0.466234078346551,10,"TNBC signature","APOE,CDKN2A,RGS2"
"Negative Regulation Of Response To External Stimulus (GO:0032102)",1.28349288484365,0.577490658053075,10,"TNBC signature","APOE,PARP1"
"Negative Regulation Of Signal Transduction (GO:0009968)",-0.77471759422824,0.899778181084896,19,"TNBC signature","ERBB3,TRIB1,BCL2,PTPN12,LRPAP1,TLE1,GRB7,TSPAN6,GRB10,CSNK2A2,EPN2"
"Negative Regulation Of Transcription By RNA Polymerase II (GO:0000122)",-1.50526865796736,0.41282407209287,46,"TNBC signature","EDN1,GADD45A,SOX4,FHL2,ARID5B,BHLHE40,NRIP1,ID2,NFIL3,TFAP2A,FOXO3,SMAD3,STAT3"
"Nervous System Development (GO:0007399)",-0.815892148081947,0.899778181084896,11,"TNBC signature","SOX4,ERBB3,STAT3"
"Organelle Organization (GO:0006996)",-1.17156584534222,0.667520594735785,26,"TNBC signature","CCL2,REEP5,CSNK1A1,CDC42,CHMP4A"
"Peptidyl-Serine Modification (GO:0018209)",-1.13407593802347,0.704704081367894,12,"TNBC signature","CSNK1A1,CAB39,MAPKAPK2,TLK2,IKBKB,CSNK2A2"
"Peptidyl-Serine Phosphorylation (GO:0018105)",-1.13407593802347,0.704704081367894,12,"TNBC signature","CSNK1A1,CAB39,MAPKAPK2,TLK2,IKBKB,CSNK2A2"
"Phosphorylation (GO:0016310)",-1.09613717943563,0.704704081367894,25,"TNBC signature","CCL2,CSNK1A1,ADAM10,TRIB1,STAT3,CHEK2"
"Positive Regulation Of Apoptotic Process (GO:0043065)",-1.2971307993695,0.56130198915009,29,"TNBC signature","GADD45B,PMAIP1,GADD45A,SOX4,TFAP2A,FOXO3,BCL2,SQSTM1"
"Positive Regulation Of Autophagy (GO:0010508)",-0.68543595956895,0.941526418786693,11,"TNBC signature","FOXO3,SQSTM1,ATF6,BNIP3L"
"Positive Regulation Of Cell Cycle (GO:0045787)",1.19636291110161,0.667520594735785,11,"TNBC signature","CCND1,APP,CCND3,CDC25B,EIF4EBP1,EGFR,LGMN"
"Positive Regulation Of Cell Differentiation (GO:0045597)",-1.41921741462538,0.466234078346551,12,"TNBC signature","SOX4,BAMBI,ID2,SMAD3"
"Positive Regulation Of Cell Growth (GO:0030307)",-1.21561641538476,0.654467389081987,12,"TNBC signature","EDN1,CDC42,BCL2"
"Positive Regulation Of Cell Migration (GO:0030335)",-0.957038597778733,0.820380029806259,17,"TNBC signature","EDN1,CDC42,ADAM10,TJP1,STAT3,IGF1R,HIF1A"
"Positive Regulation Of Cell Motility (GO:2000147)",-0.924111723629235,0.866071428571428,15,"TNBC signature","EDN1,CDC42,ADAM10,TJP1,STAT3,IGF1R"
"Positive Regulation Of Cell Population Proliferation (GO:0008284)",-1.22919446722456,0.577490658053075,38,"TNBC signature","HMOX1,EDN1,SOX4,FOSL1,BAMBI,ID2,ADAM10,ERBB3,TJP1,BCL2"
"Positive Regulation Of Cellular Biosynthetic Process (GO:0031328)",-1.5383455797343,0.41282407209287,14,"TNBC signature","EDN1,SOX4,ARPP19,SMAD3,CIRBP,HIF1A"
"Positive Regulation Of Cellular Catabolic Process (GO:0031331)",1.17784856278265,0.667520594735785,15,"TNBC signature","APOE,BNIP3,APP,PACSIN3,BAD"
"Positive Regulation Of Cellular Process (GO:0048522)",-1.09462114825754,0.704704081367894,41,"TNBC signature","EDN1,SOX4,CDC42,FOSL1,BAMBI,ADAM10,ERBB3,TJP1,BCL2,TPM1,IGF1R,GNAI2"
"Positive Regulation Of Cysteine-Type Endopeptidase Activity Involved In Apoptotic Process (GO:0043280)",-0.755989307448672,0.899778181084896,11,"TNBC signature","PMAIP1"
"Positive Regulation Of Cytokine Production (GO:0001819)",0.998701993996464,0.791371887888732,16,"TNBC signature","GAPDH,HSPD1,S100A13,APP"
"Positive Regulation Of DNA-binding Transcription Factor Activity (GO:0051091)",-1.41943037999254,0.466234078346551,16,"TNBC signature","EDN1,ARID5B,HSPA1B,SMAD3,STAT3"
"Positive Regulation Of DNA-templated Transcription (GO:0045893)",-1.31721821344107,0.466234078346551,72,"TNBC signature","NFKBIA,EDN1,SOX4,FOSL1,NRIP1,BAMBI,ID2,NFE2L2,NFATC3,MRPL12,NFIL3,TFAP2A,FOXO3,SMAD3,STAT3,STXBP2,SQSTM1,AKAP8L,JMJD6,CHEK2,USP22"
"Positive Regulation Of Developmental Process (GO:0051094)",1.74578532143074,0.148662088166213,14,"TNBC signature","APOE,HDAC2,BNIP3,NCOA3,FIS1,SMARCA4"
"Positive Regulation Of Gene Expression (GO:0010628)",0.89498700853872,0.882541576553061,28,"TNBC signature","GAPDH,S100A13,VPS72,APP,SMARCA4,DNMT1,PIK3R3"
"Positive Regulation Of Hydrolase Activity (GO:0051345)",-0.865735182283447,0.899778181084896,12,"TNBC signature","CCL2"
"Positive Regulation Of I-kappaB kinase/NF-kappaB Signaling (GO:0043123)",1.4214390580231,0.466234078346551,17,"TNBC signature","GAPDH,S100A4,PARP1,S100A13"
"Positive Regulation Of Intracellular Signal Transduction (GO:1902533)",1.06630965038894,0.757671564069184,38,"TNBC signature","GAPDH,S100A4,PARP1,S100A13,ITGB1BP1,APP,FIS1"
"Positive Regulation Of Kinase Activity (GO:0033674)",-1.07476667243638,0.766694370473396,10,"TNBC signature","ERBB3,IGF1R,CDKN1A,DDR1,PRKAG2,DAXX,IQGAP1,ERBB2"
"Positive Regulation Of MAPK Cascade (GO:0043410)",-0.946616921416314,0.853823953823954,14,"TNBC signature","CCL2,EDN1"
"Positive Regulation Of Macromolecule Metabolic Process (GO:0010604)",-1.48667445496214,0.41282407209287,23,"TNBC signature","NFKBIA,ID2,NFE2L2,HSPA1B,TFAP2A,SMAD3,STAT3"
"Positive Regulation Of Mitochondrion Organization (GO:0010822)",-1.08730546458876,0.762323288690476,11,"TNBC signature","PMAIP1"
"Positive Regulation Of Multicellular Organismal Process (GO:0051240)",1.45374440004164,0.466234078346551,21,"TNBC signature","GAPDH,APOE,HDAC2,S100A13,DECR1,NCOA3,GNAS,SMARCA4"
"Positive Regulation Of NF-kappaB Transcription Factor Activity (GO:0051092)",-0.843365815586897,0.896182834913688,10,"TNBC signature","HSPA1B,STAT3,TERF2IP,TICAM1,IKBKB"
"Positive Regulation Of Nucleic Acid-Templated Transcription (GO:1903508)",-0.921537079022116,0.866071428571428,42,"TNBC signature","SOX4,BAMBI,ID2,MRPL12,NFIL3,TFAP2A,FOXO3,SMAD3,STAT3,JMJD6,CHEK2,USP22,HIF1A"
"Positive Regulation Of Phosphorylation (GO:0042327)",0.864159179211526,0.896182834913688,17,"TNBC signature","CCND1,APP,PIK3R3,CCND3,PIN1"
"Positive Regulation Of Programmed Cell Death (GO:0043068)",-1.31944052774388,0.56130198915009,26,"TNBC signature","GADD45B,PMAIP1,GADD45A,SOX4"
"Positive Regulation Of Proteasomal Protein Catabolic Process (GO:1901800)",-1.54771760282529,0.466234078346551,10,"TNBC signature","CSNK1A1,TRIB1,HSPA1B,DNAJB2"
"Positive Regulation Of Proteasomal Ubiquitin-Dependent Protein Catabolic Process (GO:0032436)",-1.76161072550127,0.148662088166213,13,"TNBC signature","CSNK1A1,HERPUD1,NFE2L2,TRIB1,HSPA1B,DNAJB2"
"Positive Regulation Of Protein Kinase Activity (GO:0045860)",-0.524842498462598,0.982160526442192,15,"TNBC signature","ERBB3,CAB39,CALM2,CDKN1A"
"Positive Regulation Of Protein Metabolic Process (GO:0051247)",-0.893102756227974,0.878079149279849,18,"TNBC signature","NFKBIA,SOX4,TIPARP"
"Positive Regulation Of Protein Modification Process (GO:0031401)",1.24538561128643,0.631025854879066,20,"TNBC signature","CCND1,CALM3,CALM1,APP,PIK3R3,CCND3,PIN1"
"Positive Regulation Of Protein Phosphorylation (GO:0001934)",1.03637473379556,0.766694370473396,23,"TNBC signature","CCND1,CALM3,CALM1,APP,PIK3R3,CCND3,PIN1"
"Positive Regulation Of Protein Serine/Threonine Kinase Activity (GO:0071902)",-0.678358430186908,0.976476630713919,14,"TNBC signature","EDN1"
"Positive Regulation Of Signal Transduction (GO:0009967)",0.57232099443673,0.982160526442192,12,"TNBC signature","ITGB1BP1,SMARCA4"
"Positive Regulation Of Transcription By RNA Polymerase II (GO:0045944)",-1.31520536099758,0.466234078346551,52,"TNBC signature","NFKBIA,EDN1,SOX4,NRIP1,NFE2L2,NFATC3,MUC1,TFAP2A,FOXO3,SMAD3,STAT3,STXBP2,SQSTM1,AKAP8L,JMJD6,HIF1A,NR3C1,ATF6"
"Positive Regulation Of Transferase Activity (GO:0051347)",1.12970327997064,0.704704081367894,13,"TNBC signature","APOE,PCNA,PIN1,RFC2"
"Positive Regulation Of Ubiquitin-Dependent Protein Catabolic Process (GO:2000060)",-1.48731799847788,0.466234078346551,11,"TNBC signature","CSNK1A1,TRIB1,HSPA1B,DNAJB2"
"Positive Regulation Of miRNA Metabolic Process (GO:2000630)",-1.2539083507005,0.602575757575758,14,"TNBC signature","FOSL1,FOXO3,SMAD3,STAT3,HIF1A,NR3C1"
"Positive Regulation Of miRNA Transcription (GO:1902895)",-1.2539083507005,0.602575757575758,14,"TNBC signature","FOSL1,FOXO3,SMAD3,STAT3,HIF1A,NR3C1"
"Proteasomal Protein Catabolic Process (GO:0010498)",-1.57135429147021,0.303580520854922,17,"TNBC signature","PMAIP1,CSNK1A1,SKP1,NFE2L2"
"Proteasome-Mediated Ubiquitin-Dependent Protein Catabolic Process (GO:0043161)",-1.36613526227013,0.466234078346551,21,"TNBC signature","CSNK1A1,SKP1,HERPUD1,NFE2L2,DNAJB2"
"Protein Autophosphorylation (GO:0046777)",-0.452983246016259,0.99113475177305,13,"TNBC signature","CHEK2,IGF1R,MAPKAPK2"
"Protein Catabolic Process (GO:0030163)",1.03562745320017,0.766694370473396,14,"TNBC signature","APOE,CTSD,BNIP3,HSPA8"
"Protein Dephosphorylation (GO:0006470)",-0.623318346137762,0.977398535751639,11,"TNBC signature","PTPN12,PPP2R5E,PTPRK,PTPRF,DUSP6,DUSP3,PPP2R5A,PTPN1,DUSP11,NCK1,DUSP22"
"Protein Localization (GO:0008104)",-0.769483366926695,0.899778181084896,24,"TNBC signature","TM9SF3,RAB21,STXBP2,SQSTM1,TMED10,STX1A,ARFIP2,PTPRK"
"Protein Modification By Small Protein Conjugation (GO:0032446)",-0.859535139649449,0.896182834913688,17,"TNBC signature","SKP1,UFM1,NFE2L2"
"Protein Modification Process (GO:0036211)",-0.92431297958144,0.866071428571428,38,"TNBC signature","CCL2,ERO1A,CSNK1A1,ADAM10,TRIB1"
"Protein Phosphorylation (GO:0006468)",-1.07855260286761,0.751521859435528,32,"TNBC signature","CCL2,CSNK1A1,ADAM10,TRIB1,CAB39,CHEK2,IGF1R"
"Protein Polyubiquitination (GO:0000209)",-0.623415231772877,0.977398535751639,12,"TNBC signature","SKP1,BCL2"
"Protein Stabilization (GO:0050821)",1.03730341782381,0.766694370473396,20,"TNBC signature","GAPDH,CRTAP,HSPD1,GRN"
"Protein Targeting (GO:0006605)",1.1313880957487,0.704704081367894,10,"TNBC signature","ATG3,FIS1,TIMM17B,ICMT,TOMM34"
"Protein Targeting To Mitochondrion (GO:0006626)",1.22277405381526,0.631025854879066,10,"TNBC signature","HSPD1,FIS1,TIMM17B,TOMM34,HSPA4,FBXO7"
"Protein Transport (GO:0015031)",1.19377925156065,0.667520594735785,18,"TNBC signature","APOE,COPB2"
"Protein Ubiquitination (GO:0016567)",-0.645759811235289,0.982160526442192,20,"TNBC signature","SKP1,NFE2L2,BCL2"
"Protein-Containing Complex Assembly (GO:0065003)",0.7793367983431,0.899778181084896,20,"TNBC signature","HSPD1,ITGB1BP1,PSMG1,BAD,TRAPPC6A"
"Proteolysis (GO:0006508)",0.758518207971556,0.899778181084896,13,"TNBC signature","CTSD,BACE2,CAPN1,XPNPEP1"
"RNA Processing (GO:0006396)",0.445701908376662,0.99113475177305,12,"TNBC signature","EXOSC4,RNPS1,DUSP11,LSM6,LSM5"
"RNA Splicing, Via Transesterification Reactions With Bulged Adenosine As Nucleophile (GO:0000377)",0.966284079229041,0.799703440094899,10,"TNBC signature","HSPA8,HTATSF1,PIN1,RNPS1,LSM6,LSM5"
"Ras Protein Signal Transduction (GO:0007265)",1.04957212421114,0.766694370473396,16,"TNBC signature","CDKN2A"
"Regulation Of Apoptotic Process (GO:0042981)",-1.55491989826994,0.204640039562843,65,"TNBC signature","IER3,GADD45B,PMAIP1,GADD45A,SOX4,HSPB1,FHL2,UFM1,ERBB3,CD44,HSPA1B,TJP1,TFAP2A,FOXO3,SOCS2,BCL2,SQSTM1"
"Regulation Of Autophagy (GO:0010506)",0.800544823111322,0.899778181084896,27,"TNBC signature","GAPDH"
"Regulation Of Canonical Wnt Signaling Pathway (GO:0060828)",-0.865491539413316,0.896182834913688,11,"TNBC signature","SOX4,CSNK1A1,BAMBI"
"Regulation Of Cell Adhesion (GO:0030155)",-0.612354708206387,0.982160526442192,11,"TNBC signature","ADAM10,ERBB3,TPM1"
"Regulation Of Cell Cycle (GO:0051726)",-0.797714652415565,0.899778181084896,23,"TNBC signature","GADD45B,GADD45A"
"Regulation Of Cell Cycle G1/S Phase Transition (GO:1902806)",1.0809314997371,0.757671564069184,13,"TNBC signature","CDKN2A,PSME1,SMARCA4"
"Regulation Of Cell Cycle Process (GO:0010564)",0.970766025628192,0.799703440094899,14,"TNBC signature","CALM3,CALM1,ATF5,SMARCA4,PIN1"
"Regulation Of Cell Differentiation (GO:0045595)",-1.18061087088956,0.685553080920564,15,"TNBC signature","CEBPD,ID2,TFAP2A,SUZ12"
"Regulation Of Cell Growth (GO:0001558)",-0.794967663303402,0.899778181084896,25,"TNBC signature","CDC42,ADAM10,HSPA1B,SOCS2,SMAD3,BCL2,DNAJB2"
"Regulation Of Cell Migration (GO:0030334)",-0.797685268287062,0.899778181084896,28,"TNBC signature","EDN1,CDC42,ADAM10,TJP1,FOXO3,STAT3,TPM1,IGF1R"
"Regulation Of Cell Population Proliferation (GO:0042127)",-1.01163001355115,0.771159491193738,58,"TNBC signature","EDN1,SOX4,FOSL1,BAMBI,ID2,ADAM10,ERBB3,HSPA1B,TJP1,TFAP2A,SMAD3,BCL2,STAT3,DNAJB2"
"Regulation Of Cellular Component Organization (GO:0051128)",1.34876198647297,0.56130198915009,10,"TNBC signature","APOE,RAB4A,HSPA8,ATF5,PACSIN3"
"Regulation Of Cold-Induced Thermogenesis (GO:0120161)",0.805336479946173,0.899778181084896,10,"TNBC signature","DECR1,GNAS,SMARCA4"
"Regulation Of Cyclin-Dependent Protein Serine/Threonine Kinase Activity (GO:0000079)",1.01247790693619,0.771159491193738,12,"TNBC signature","CDKN2A,CCND1"
"Regulation Of DNA Repair (GO:0006282)",1.4848620903211,0.466234078346551,11,"TNBC signature","PARP1,PCNA,VPS72,RUVBL1,SMARCA4,USP1"
"Regulation Of DNA-templated Transcription (GO:0006355)",-1.01915412653421,0.766694370473396,93,"TNBC signature","CEBPD,SOX4,ARID5B,BHLHE40,FOSL1,BAMBI,ID2,NFE2L2,NFATC3,MRPL12,NFIL3,TFAP2A,FOXO3,CRK,SMAD3,STAT3,GMNN,JMJD6,CHEK2,USP22,HIF1A,MTF2"
"Regulation Of ERK1 And ERK2 Cascade (GO:0070372)",-0.779705313169205,0.899778181084896,17,"TNBC signature","CCL2,DUSP4,CD44"
"Regulation Of G1/S Transition Of Mitotic Cell Cycle (GO:2000045)",-0.799518759630944,0.899778181084896,19,"TNBC signature","CCL2,ID2"
"Regulation Of GTPase Activity (GO:0043087)",-0.962266445820643,0.82154956547356,12,"TNBC signature","CCL2,CRK,VAV3"
"Regulation Of Gene Expression (GO:0010468)",-0.979035406487481,0.801652892561983,57,"TNBC signature","SOX4,ATP1B1,BHLHE40,ID2,TIPARP,ADAM10,NFE2L2,NFIL3,HSPA1B,TFAP2A,SMAD3,STAT3,CHEK2,USP22,HIF1A,MTF2,MBNL2,NR3C1"
"Regulation Of I-kappaB kinase/NF-kappaB Signaling (GO:0043122)",1.32254066353288,0.565839620440227,21,"TNBC signature","GAPDH,S100A4,PARP1,STAT1,S100A13"
"Regulation Of Inflammatory Response (GO:0050727)",0.859981517466812,0.896182834913688,10,"TNBC signature","APOE,GRN,APP"
"Regulation Of Intracellular Signal Transduction (GO:1902531)",-1.74463924280985,0.148662088166213,16,"TNBC signature","NFKBIA,HSPB1,ARHGEF12,CRK,VAV3,SQSTM1,CHEK2,CALM2"
"Regulation Of MAPK Cascade (GO:0043408)",-0.698321686134999,0.941526418786693,12,"TNBC signature","DUSP4,IGF1R"
"Regulation Of Macroautophagy (GO:0016241)",1.27777779797747,0.577490658053075,11,"TNBC signature","GAPDH,BNIP3"
"Regulation Of Macromolecule Metabolic Process (GO:0060255)",1.3143099386743,0.566883116883117,10,"TNBC signature","APOE,CDK4,HMG20B,CDK6,APP"
"Regulation Of Mitotic Cell Cycle (GO:0007346)",0.599558787488304,0.982160526442192,12,"TNBC signature","APP,PIN1,CDC25B,EIF4EBP1,LGMN"
"Regulation Of Mitotic Cell Cycle Phase Transition (GO:1901990)",1.33991529521209,0.56130198915009,15,"TNBC signature","CDKN2A,CDK4,CDK6,PSME1,SMARCA4"
"Regulation Of Neuron Apoptotic Process (GO:0043523)",-0.928613543703041,0.866071428571428,12,"TNBC signature","CCL2,ERBB3,TFAP2A,FOXO3,BCL2"
"Regulation Of Nucleic Acid-Templated Transcription (GO:1903506)",-1.32040061037879,0.56130198915009,24,"TNBC signature","SOX4,BHLHE40,NFIL3,SMAD3,STAT3,CHEK2,HIF1A,MTF2,NR3C1,ZNF395,TERF2IP,MYCBP"
"Regulation Of Phosphorylation (GO:0042325)",0.919297836881048,0.866071428571428,10,"TNBC signature","CDKN2A,APP,PIN1"
"Regulation Of Programmed Cell Death (GO:0043067)",1.42793349323951,0.466234078346551,18,"TNBC signature","ASAH1,STAT1,BNIP3,VPS72,RUVBL1"
"Regulation Of Proteasomal Ubiquitin-Dependent Protein Catabolic Process (GO:0032434)",-1.5709960626169,0.41282407209287,13,"TNBC signature","CSNK1A1,HERPUD1,TRIB1,HSPA1B,DNAJB2"
"Regulation Of Protein Binding (GO:0043393)",-0.840637494166086,0.899778181084896,13,"TNBC signature","BAMBI,CRK,DNAJB2,CDKN1A,LRPAP1"
"Regulation Of Protein Catabolic Process (GO:0042176)",1.17938470468835,0.676700165869841,11,"TNBC signature","APOE,PSME1,VPS28,PIN1,VGLL4,PSME2,EGFR"
"Regulation Of Protein Kinase Activity (GO:0045859)",-0.976952520804737,0.82154956547356,11,"TNBC signature","HSPB1,TRIB1"
"Regulation Of Protein Metabolic Process (GO:0051246)",-1.12788407879822,0.704704081367894,11,"TNBC signature","NFKBIA,EDN1"
"Regulation Of Protein Phosphorylation (GO:0001932)",0.789915936696157,0.899778181084896,16,"TNBC signature","CCND1,APP,PIK3R3,CCND3,PIN1"
"Regulation Of Protein Serine/Threonine Kinase Activity (GO:0071900)",0.988957542634474,0.786125539770949,20,"TNBC signature","CDKN2A,CCND1,CALM3,CALM1"
"Regulation Of Protein Ubiquitination (GO:0031396)",-1.2906311806329,0.577490658053075,12,"TNBC signature","SOX4,HSPA1B,DNAJB2,SQSTM1"
"Regulation Of Signal Transduction (GO:0009966)",0.815957790384418,0.899778181084896,12,"TNBC signature","RGS2,ITGB1BP1,APP"
"Regulation Of Transcription By RNA Polymerase II (GO:0006357)",-1.57280973729301,0.148662088166213,90,"TNBC signature","CEBPD,NFKBIA,EDN1,GADD45A,SOX4,FHL2,ARID5B,BHLHE40,FOSL1,NRIP1,ID2,NFE2L2,NFATC3,NFIL3,MUC1,TFAP2A,FOXO3,CRK,SMAD3,STAT3,STXBP2,SQSTM1,AKAP8L,JMJD6,USP22,NR2F6,HIF1A"
"Regulation Of Transforming Growth Factor Beta Receptor Signaling Pathway (GO:0017015)",0.550942021717714,0.982160526442192,10,"TNBC signature","HDAC2"
"Regulation Of Translation (GO:0006417)",0.800784982656648,0.899778181084896,17,"TNBC signature","GAPDH,BZW2,APP"
"Regulation Of miRNA Transcription (GO:1902893)",-1.37852462870544,0.56130198915009,15,"TNBC signature","FOSL1,NFATC3,FOXO3,SMAD3,STAT3,HIF1A,NR3C1"
"Response To Cytokine (GO:0034097)",0.910304473796174,0.866071428571428,10,"TNBC signature","STAT1,APP"
"Response To Endoplasmic Reticulum Stress (GO:0034976)",-1.72529041214285,0.155341770522247,13,"TNBC signature","ERO1A,UFM1,HERPUD1,TMCO1,BCL2,MBTPS1,HYOU1,ATF6"
"Response To Lipopolysaccharide (GO:0032496)",-1.38728364455519,0.466234078346551,12,"TNBC signature","CCL2,CXCL2,TRIB1"
"Response To Reactive Oxygen Species (GO:0000302)",-0.781350522849721,0.899778181084896,12,"TNBC signature","HMOX1"
"Response To Tumor Necrosis Factor (GO:0034612)",-1.60580289014072,0.41282407209287,11,"TNBC signature","NFKBIA,CCL2,ADAM10,NFE2L2"
"Response To UV (GO:0009411)",1.30880770792668,0.577490658053075,13,"TNBC signature","PARP1,CCND1,PCNA,CAT,USP1,MSH6,EGFR"
"Response To Unfolded Protein (GO:0006986)",-0.90715810113549,0.866071428571428,11,"TNBC signature","HSPB1,HERPUD1,DNAJB2"
"Ribosome Biogenesis (GO:0042254)",0.572870910148414,0.982160526442192,11,"TNBC signature","EXOSC4,RRS1,RPS5,EBNA1BP2,DHX29,GRWD1,DDX10,PIH1D1,NOLC1,DNTTIP2,RPS6"
"Small GTPase Mediated Signal Transduction (GO:0007264)",1.03647678511204,0.766694370473396,15,"TNBC signature","CDKN2A"
"Supramolecular Fiber Organization (GO:0097435)",1.5300452967093,0.41282407209287,16,"TNBC signature","STMN1,MYL9,ALDOA,CRTAP"
"Transcription By RNA Polymerase II (GO:0006366)",-1.31926761208067,0.566883116883117,14,"TNBC signature","CEBPD"
"Transmembrane Receptor Protein Tyrosine Kinase Signaling Pathway (GO:0007169)",1.04250533008244,0.766694370473396,23,"TNBC signature","STMN1,DDIT4"
"Ubiquitin-Dependent Protein Catabolic Process (GO:0006511)",-1.02937966577035,0.76884675176808,28,"TNBC signature","CSNK1A1,SKP1,HERPUD1,NFE2L2,CHMP4A"
"Vesicle-Mediated Transport (GO:0016192)",-1.03471678637136,0.766694370473396,16,"TNBC signature","CDC42,CHMP4A,STXBP2,SQSTM1,TMED10,STX1A"
"Wound Healing (GO:0042060)",-1.51831973861298,0.466234078346551,10,"TNBC signature","HMOX1,CHMP4A,ERBB3,SMAD3,TPM1"
"mRNA Processing (GO:0006397)",0.881527447895681,0.866071428571428,13,"TNBC signature","HSPA8,HTATSF1,PIN1,RNPS1,LSM6,LSM5"
"mRNA Splicing, Via Spliceosome (GO:0000398)",1.1157822993306,0.724236954381359,11,"TNBC signature","PUF60,HSPA8,HTATSF1,PIN1,RNPS1,LSM6,LSM5"
"ATP Metabolic Process (GO:0046034)",-1.45928566157776,0.275280664413004,10,"QL-XII-47","HSPA8,PARP1,ATP1B1,BAD,ALDOA,SLC25A13"
"Apoptotic Process (GO:0006915)",1.12412948491514,0.547364205621086,23,"QL-XII-47","MYC,GADD45A,NFKBIA,PMAIP1,CASP3"
"Cellular Component Assembly (GO:0022607)",-0.997815722802872,0.682689427972447,11,"QL-XII-47","BECN1,RHOA"
"Cellular Response To Cytokine Stimulus (GO:0071345)",1.1312729650067,0.547364205621086,22,"QL-XII-47","ZFP36,EGR1,NFKBIA,HIF1A,GATA3"
"Cellular Response To Decreased Oxygen Levels (GO:0036294)",1.38449811011488,0.330791170634921,10,"QL-XII-47","MYC,HMOX1,HIF1A,PMAIP1"
"Cellular Response To Growth Factor Stimulus (GO:0071363)",1.20326693198745,0.493041749502982,21,"QL-XII-47","ZFP36,EGFR,NR3C1"
"Cellular Response To Hypoxia (GO:0071456)",1.38449811011488,0.330791170634921,10,"QL-XII-47","MYC,HMOX1,HIF1A,PMAIP1"
"Cellular Response To Insulin Stimulus (GO:0032869)",-1.0477073053429,0.597246287128713,10,"QL-XII-47","PARP1,AKT1,RAB31,GRB10,INSIG1"
"Cellular Response To Lipid (GO:0071396)",1.47780317538369,0.269589384974,17,"QL-XII-47","ZFP36,EGFR,NR3C1,NCOA3,CXCL2,TICAM1"
"Cellular Response To Metal Ion (GO:0071248)",0.906633970468843,0.720498687664042,12,"QL-XII-47","EGFR,JUN,TFAP2A,LGMN"
"Cellular Response To Organic Cyclic Compound (GO:0071407)",1.7056398984104,0.125980363393991,14,"QL-XII-47","EGFR,TIPARP,EGR1,NR3C1,NCOA3,CASP3"
"Cellular Response To Oxidative Stress (GO:0034599)",1.47213476318302,0.269589384974,19,"QL-XII-47","HMOX1,EGFR,FOXO3,JUN,HIF1A,STX4,KEAP1"
"Cellular Response To Oxygen-Containing Compound (GO:1901701)",1.41980350422925,0.269589384974,26,"QL-XII-47","ZFP36,EGFR,EGR1,NCOA3,JUN,CXCL2,TICAM1"
"Cellular Response To Reactive Oxygen Species (GO:0034614)",1.24860909523154,0.420727205610927,10,"QL-XII-47","EGFR,JUN"
"Cellular Response To Starvation (GO:0009267)",1.08724467580795,0.587167070217918,10,"QL-XII-47","CDKN1A,FOXO3,PMAIP1,RRP8"
"Cellular Response To Tumor Necrosis Factor (GO:0071356)",1.4608786120272,0.275280664413004,15,"QL-XII-47","ZFP36,FOXO3,BIRC2,NFKBIA,GATA3"
"Chromatin Organization (GO:0006325)",1.37110329408604,0.319284884471408,20,"QL-XII-47","MYC,KDM5A,KDM5B,ZNF274,MTF2,KAT6B,RB1"
"Chromatin Remodeling (GO:0006338)",1.64408272877899,0.137340822972187,17,"QL-XII-47","MYC,KDM5A,KDM5B,ZNF274,MTF2"
"Cytokine-Mediated Signaling Pathway (GO:0019221)",1.47215451151468,0.269589384974,17,"QL-XII-47","EGR1,FOXO3,BIRC2,NFKBIA,CXCL2"
"DNA Damage Response (GO:0006974)",1.50672702929639,0.188263422493604,26,"QL-XII-47","MYC,GADD45A,CDKN1A"
"DNA Metabolic Process (GO:0006259)",0.954492180244499,0.689679502835898,19,"QL-XII-47","GADD45A,TERF2IP"
"DNA Repair (GO:0006281)",-0.899832801506965,0.754000914494742,19,"QL-XII-47","PCNA,PARP1,PNKP"
"DNA-templated Transcription (GO:0006351)",0.724908039709654,0.91719717210366,20,"QL-XII-47","FOXO3,DRAP1,CEBPD,CCNH,NFKBIB,TBPL1"
"Defense Response To Virus (GO:0051607)",-1.37641274054669,0.314351851851852,11,"QL-XII-47","DDIT4,BNIP3,BNIP3L"
"Endomembrane System Organization (GO:0010256)",-1.09942845715292,0.587167070217918,11,"QL-XII-47","REEP5,TOR1A,TMED10,NUP93"
"Establishment Of Protein Localization To Mitochondrion (GO:0072655)",-0.842433849404659,0.813898450946644,10,"QL-XII-47","AKT1,FIS1"
"Gene Expression (GO:0010467)",0.698002893245958,0.927120669056153,19,"QL-XII-47","DNTTIP2,CASP3,RBM6,PRPF4,NUP88,RBM15B,CASC3"
"Inflammatory Response (GO:0006954)",1.59406769595156,0.254272965651253,11,"QL-XII-47","RELB,CXCL2,GATA3,STAT3,IKBKB,NFKB2,CD44,FOS"
"Intracellular Protein Transport (GO:0006886)",0.866587934130387,0.767494192799071,23,"QL-XII-47","VPS28,STX4,STX1A,ARFIP2,NUP88,OXA1L,STAT3,RAB21,TIMM17B,BAG3"
"Intrinsic Apoptotic Signaling Pathway (GO:0097193)",1.04348079824838,0.597246287128713,14,"QL-XII-47","CDKN1A,PMAIP1,CASP3,RRP8"
"Membrane Organization (GO:0061024)",0.82987109110562,0.80441497956468,10,"QL-XII-47","EGFR,CHMP4A,VPS28"
"Mitochondrial Transport (GO:0006839)",-0.97179383486359,0.690458646721072,13,"QL-XII-47","BNIP3,FIS1,BAD,SLC25A4,SLC25A13"
"Mitochondrion Organization (GO:0007005)",-1.08547169273311,0.574714646684674,21,"QL-XII-47","BNIP3,BNIP3L,PARP1,FIS1,SLC25A4"
"Mitotic Cell Cycle Phase Transition (GO:0044772)",1.55643662748157,0.254272965651253,13,"QL-XII-47","MYC,CDKN1A,CHMP4A"
"Mitotic Sister Chromatid Segregation (GO:0000070)",-0.934822220212421,0.725647688794393,10,"QL-XII-47","BECN1,RHOA,SMC4,SMC3,SMC1A,CHEK2"
"Modification-Dependent Protein Catabolic Process (GO:0019941)",-0.954529236221845,0.703150409305146,14,"QL-XII-47","UBE2L6,STUB1,UBE3C,UBE2A"
"Negative Regulation Of Apoptotic Process (GO:0043066)",1.23729703611599,0.368083170890188,47,"QL-XII-47","MYC,EGFR,ATF5,BIRC2,IGF1R,UFM1,FHL2,SUPV3L1,TFAP2A,RB1,LGMN,PIK3R3,HSPA1B,HSPA1A,CFLAR,IER3,DFFA"
"Negative Regulation Of Apoptotic Signaling Pathway (GO:2001234)",-0.69970644952883,0.906804997768853,10,"QL-XII-47","AKT1,SLC25A4,PSMD10"
"Negative Regulation Of Binding (GO:0051100)",1.36359624607724,0.354970811187593,11,"QL-XII-47","CDKN1A,JUN,DNAJB2,NFKBIA"
"Negative Regulation Of Cell Cycle (GO:0045786)",1.4016779731986,0.314351851851852,10,"QL-XII-47","CDKN1A,GATA3,RRP8,RB1,RNF167,PTPRK,CDKN1B"
"Negative Regulation Of Cell Death (GO:0060548)",-1.47851715046999,0.275280664413004,10,"QL-XII-47","BECN1,BNIP3,BNIP3L,AKT1,TMEM109"
"Negative Regulation Of Cell Differentiation (GO:0045596)",1.56100066794775,0.243106877947649,17,"QL-XII-47","EGFR,NFKBIA,GATA3,CCDC85B,SMAD3,RB1"
"Negative Regulation Of Cell Growth (GO:0030308)",1.51730852333898,0.269589384974,13,"QL-XII-47","CDKN1A,DNAJB2,CGRRF1,CCDC85B,SMAD3,RB1,HSPA1B,HSPA1A"
"Negative Regulation Of Cell Migration (GO:0030336)",1.03252694633329,0.599296528521181,14,"QL-XII-47","HMOX1,FOXO3,ARID4B"
"Negative Regulation Of Cell Motility (GO:2000146)",0.838007946528431,0.770722977809592,12,"QL-XII-47","FOXO3,ARID4B,GATA3"
"Negative Regulation Of Cell Population Proliferation (GO:0008285)",1.85067748797837,0.0226256516311964,28,"QL-XII-47","MYC,HMOX1,CDKN1A,DNAJB2,ATF5,CGRRF1,GATA3,SMAD3,TFAP2A,TRIB1"
"Negative Regulation Of Cellular Process (GO:0048523)",1.55209503469337,0.13583977245995,40,"QL-XII-47","MYC,CDKN1A,CHMP4A,DNAJB2,ATF5,CGRRF1,GATA3,CCDC85B,SMAD3,TFAP2A,RRP8,RB1,CHERP,HSPA1B,HSPA1A,SUZ12,BCL7B,CRK,RNF167,PTPRK,ERBB3"
"Negative Regulation Of DNA-binding Transcription Factor Activity (GO:0043433)",1.51377917083788,0.269589384974,12,"QL-XII-47","NFKBIE,NFKBIA,BHLHE40,KEAP1,TRIB1,RB1,USP7"
"Negative Regulation Of DNA-templated Transcription (GO:0045892)",2.20679171310099,2.61228354278933e-05,65,"QL-XII-47","MYC,GADD45A,ZFP36,NR3C1,FOXO3,JUN,ATF5,ZNF274,DRAP1,ARID4B,ARID5B,NFIL3,BHLHE40,HIF1A,KAT6A,GATA3,CCDC85B,SMAD3,FHL2,KAT6B,TCERG1,TFAP2A,RRP8,RB1,ZNF131"
"Negative Regulation Of Gene Expression (GO:0010629)",1.32846194038816,0.354970811187593,23,"QL-XII-47","ZFP36,TIPARP,HIF1A,SMAD3,RB1,LGMN,HSPA1B,HSPA1A,STAT3"
"Negative Regulation Of Growth (GO:0045926)",1.51730852333898,0.269589384974,13,"QL-XII-47","CDKN1A,DNAJB2,CGRRF1,CCDC85B,SMAD3,RB1,HSPA1B,HSPA1A"
"Negative Regulation Of Intracellular Signal Transduction (GO:1902532)",-1.339088158126,0.337653457653458,17,"QL-XII-47","DAG1,DDIT4"
"Negative Regulation Of MAPK Cascade (GO:0043409)",1.35048264395228,0.36139885404612,13,"QL-XII-47","MYC,DUSP6,IGF1R,RGS2"
"Negative Regulation Of Macromolecule Metabolic Process (GO:0010605)",1.13522160738335,0.544037442463157,15,"QL-XII-47","TIPARP,HIF1A,SMAD3,RB1,LGMN"
"Negative Regulation Of Multicellular Organismal Process (GO:0051241)",1.13382210526218,0.547364205621086,12,"QL-XII-47","EGFR,ARID4B,GATA3,RGS2,RB1"
"Negative Regulation Of Neuron Death (GO:1901215)",-0.670246574768662,0.92308363890344,10,"QL-XII-47","AKT1,GRN,EIF4G1"
"Negative Regulation Of Nucleic Acid-Templated Transcription (GO:1903507)",1.60714359074071,0.0994865426852292,35,"QL-XII-47","NR3C1,JUN,ATF5,ARID5B,NFIL3,BHLHE40,KAT6A,GATA3,CCDC85B,KAT6B,TFAP2A,RRP8,RB1"
"Negative Regulation Of Programmed Cell Death (GO:0043069)",1.08242973634835,0.547364205621086,39,"QL-XII-47","MYC,EGFR,ATF5,BIRC2,IGF1R,UFM1,FHL2,SUPV3L1,TFAP2A"
"Negative Regulation Of Protein Binding (GO:0032091)",0.915202926364144,0.725647688794393,10,"QL-XII-47","CDKN1A,DNAJB2"
"Negative Regulation Of Protein Kinase Activity (GO:0006469)",1.29577725327568,0.398564356435644,14,"QL-XII-47","GADD45A,CDKN1A,TRIB1,SH3BP5,RB1"
"Negative Regulation Of Protein Phosphorylation (GO:0001933)",-0.863730214819486,0.793282219788244,17,"QL-XII-47","AKT1,HSPB1,CALM3,CALM1,CALM2,ITGB1BP1"
"Negative Regulation Of Protein Serine/Threonine Kinase Activity (GO:0071901)",1.57980822488455,0.254272965651253,10,"QL-XII-47","GADD45A,CDKN1A,RGS2,RB1"
"Negative Regulation Of Response To External Stimulus (GO:0032102)",-0.767243164802097,0.884950205446062,10,"QL-XII-47","PARP1,AKT1,CASK"
"Negative Regulation Of Signal Transduction (GO:0009968)",0.738186120551594,0.906804997768853,19,"QL-XII-47","GATA3,RGS2,TRIB1,RB1,LGMN"
"Negative Regulation Of Transcription By RNA Polymerase II (GO:0000122)",2.25956129816876,2.61228354278933e-05,46,"QL-XII-47","MYC,GADD45A,ZFP36,NR3C1,FOXO3,JUN,ZNF274,ZNF451,DRAP1,ARID4B,ARID5B,NFIL3,BHLHE40,GATA3,SMAD3,FHL2,TCERG1,TFAP2A,RB1,ZNF131"
"Nervous System Development (GO:0007399)",0.754822144774435,0.886737917590912,11,"QL-XII-47","EGFR"
"Organelle Organization (GO:0006996)",1.1331888359601,0.543953281509843,26,"QL-XII-47","MYC,CHMP4A,SNX11,KAT6A,YTHDF1,CSNK1A1,STX4,RB1"
"Peptidyl-Serine Modification (GO:0018209)",1.43434316028082,0.314351851851852,12,"QL-XII-47","CSNK1A1,CSNK1E,CAB39,PRKX,IKBKB,CSNK2A2,TLK2,MKNK1"
"Peptidyl-Serine Phosphorylation (GO:0018105)",1.43434316028082,0.314351851851852,12,"QL-XII-47","CSNK1A1,CSNK1E,CAB39,PRKX,IKBKB,CSNK2A2,TLK2,MKNK1"
"Phosphorylation (GO:0016310)",-1.11691705239563,0.547364205621086,25,"QL-XII-47","BECN1,ADAM10,AKT1,PTK2,PAK4,CDK6,CHEK2,CDK4,ERBB2,PRKAG2"
"Positive Regulation Of Apoptotic Process (GO:0043065)",1.61118109672215,0.183254345924516,29,"QL-XII-47","GADD45A,GADD45B,DUSP6,FOXO3,JUN,PMAIP1,CASP3"
"Positive Regulation Of Autophagy (GO:0010508)",-1.07822128456707,0.597246287128713,11,"QL-XII-47","BECN1,BNIP3,BNIP3L"
"Positive Regulation Of Cell Cycle (GO:0045787)",0.874639134008175,0.754000914494742,11,"QL-XII-47","EGFR"
"Positive Regulation Of Cell Differentiation (GO:0045597)",0.74877303064656,0.883675151071232,12,"QL-XII-47","ZFP36,SMAD3"
"Positive Regulation Of Cell Growth (GO:0030307)",0.726883616300601,0.906804997768853,12,"QL-XII-47","EGFR,SUPV3L1"
"Positive Regulation Of Cell Migration (GO:0030335)",0.93149448834761,0.705416683438661,17,"QL-XII-47","EGFR,IGF1R,HIF1A,STX4"
"Positive Regulation Of Cell Motility (GO:2000147)",0.784820635095866,0.872346869830619,15,"QL-XII-47","EGFR,IGF1R,STX4"
"Positive Regulation Of Cell Population Proliferation (GO:0008284)",1.45075206546166,0.188263422493604,38,"QL-XII-47","MYC,HMOX1,EGFR,FOSL1,CDKN1A"
"Positive Regulation Of Cellular Biosynthetic Process (GO:0031328)",1.11785806795696,0.547364205621086,14,"QL-XII-47","EGR1,HIF1A,YTHDF1,SMAD3"
"Positive Regulation Of Cellular Catabolic Process (GO:0031331)",0.935938989675545,0.713254365089976,15,"QL-XII-47","FOXO3,HIF1A,TICAM1,SUPV3L1"
"Positive Regulation Of Cellular Process (GO:0048522)",1.2155452062374,0.398564356435644,41,"QL-XII-47","MYC,ZFP36,EGFR,FOSL1"
"Positive Regulation Of Cysteine-Type Endopeptidase Activity Involved In Apoptotic Process (GO:0043280)",1.43526311727375,0.314351851851852,11,"QL-XII-47","MYC,PMAIP1,SMAD3"
"Positive Regulation Of Cytokine Production (GO:0001819)",1.44962408094405,0.275280664413004,16,"QL-XII-47","HMOX1,EGR1,HIF1A,GATA3,TICAM1"
"Positive Regulation Of DNA-binding Transcription Factor Activity (GO:0051091)",1.29589733850258,0.393105263157895,16,"QL-XII-47","TERF2IP,ARID5B,TICAM1,SMAD3,TRIM13,HSPA1B,HSPA1A,CFLAR,STAT3,IKBKB"
"Positive Regulation Of DNA-templated Transcription (GO:0045893)",2.13581630896563,4.30405927009751e-05,72,"QL-XII-47","MYC,EGFR,FOSL1,RELB,JMJD6,EGR1,NR3C1,FOXO3,NCOA3,KDM5A,JUN,KDM3A,ATF5,NFKBIA,NFIL3,HIF1A,KAT6A,GATA3,SMAD3,KAT6B,TCERG1,TFAP2A,AKAP8L"
"Positive Regulation Of Developmental Process (GO:0051094)",-1.06600897961949,0.597246287128713,14,"QL-XII-47","DAG1,BNIP3,FIS1,SMARCA4,HDAC2,ZDHHC6,SMARCD2"
"Positive Regulation Of Gene Expression (GO:0010628)",1.22381159198328,0.420727205610927,28,"QL-XII-47","MYC,EGR1,HIF1A,TICAM1,YTHDF1,SMAD3,TFAP2A,PIK3R3,HSPA1B,HSPA1A,STAT3"
"Positive Regulation Of Hydrolase Activity (GO:0051345)",-1.8046157256776,0.060449430086241,12,"QL-XII-47","RHOA,CALM3,CALM1,CALM2,GNB5,RSU1,RALGDS,PIN1,ERBB2"
"Positive Regulation Of I-kappaB kinase/NF-kappaB Signaling (GO:0043123)",1.17559007517719,0.502460502460502,17,"QL-XII-47","HMOX1,TERF2IP,BIRC2,TICAM1"
"Positive Regulation Of Intracellular Signal Transduction (GO:1902533)",1.26434185277901,0.367662984622049,38,"QL-XII-47","HMOX1,EGFR,TERF2IP,BIRC2,IGF1R,GATA3,PMAIP1,TICAM1"
"Positive Regulation Of Kinase Activity (GO:0033674)",1.44962869835943,0.286803610333022,10,"QL-XII-47","EGFR,CDKN1A,IGF1R"
"Positive Regulation Of MAPK Cascade (GO:0043410)",1.44895236648206,0.288118811881188,14,"QL-XII-47","EGFR,IGF1R"
"Positive Regulation Of Macromolecule Metabolic Process (GO:0010604)",1.40954478201818,0.28484126984127,23,"QL-XII-47","MYC,EGR1,NFKBIA,HIF1A,TICAM1,SMAD3,TFAP2A,PIK3R3,HSPA1B,HSPA1A,STAT3"
"Positive Regulation Of Mitochondrion Organization (GO:0010822)",-1.02686505372419,0.627278071722516,11,"QL-XII-47","BNIP3,FIS1,BAD"
"Positive Regulation Of Multicellular Organismal Process (GO:0051240)",1.1059187097137,0.554846360433888,21,"QL-XII-47","NCOA3,KDM3A,ARID4B,IGF1R,SMAD3"
"Positive Regulation Of NF-kappaB Transcription Factor Activity (GO:0051092)",1.72325361029811,0.125980363393991,10,"QL-XII-47","TERF2IP,TICAM1,TRIM13,HSPA1B,HSPA1A,CFLAR,STAT3,IKBKB"
"Positive Regulation Of Nucleic Acid-Templated Transcription (GO:1903508)",2.19981123490685,5.41881895405108e-05,42,"QL-XII-47","MYC,EGFR,JMJD6,EGR1,FOXO3,KDM5A,JUN,KDM3A,ATF5,NFIL3,HIF1A,KAT6A,GATA3,SMAD3,KAT6B,TFAP2A"
"Positive Regulation Of Phosphorylation (GO:0042327)",1.24476879210144,0.422226756444263,17,"QL-XII-47","EGFR,CDKN1A,IGF1R"
"Positive Regulation Of Programmed Cell Death (GO:0043068)",1.68087510933334,0.0696058266019154,26,"QL-XII-47","GADD45A,GADD45B,DUSP6,FOXO3,JUN,PMAIP1,CASP3"
"Positive Regulation Of Proteasomal Protein Catabolic Process (GO:1901800)",1.29413135385838,0.398564356435644,10,"QL-XII-47","DNAJB2,CSNK1A1,KEAP1,TRIB1,CSNK1E,HSPA1B,HSPA1A"
"Positive Regulation Of Proteasomal Ubiquitin-Dependent Protein Catabolic Process (GO:0032436)",1.22252834393283,0.466533066132265,13,"QL-XII-47","DNAJB2,CSNK1A1,KEAP1,TRIB1,CSNK1E,HSPA1B,HSPA1A"
"Positive Regulation Of Protein Kinase Activity (GO:0045860)",0.971261618976509,0.682689427972447,15,"QL-XII-47","CDKN1A,EGR1"
"Positive Regulation Of Protein Metabolic Process (GO:0051247)",0.924966522961297,0.713254365089976,18,"QL-XII-47","TIPARP,NFKBIA,YTHDF1,VPS28"
"Positive Regulation Of Protein Modification Process (GO:0031401)",1.19789645673267,0.493041749502982,20,"QL-XII-47","EGFR,CDKN1A,EGR1"
"Positive Regulation Of Protein Phosphorylation (GO:0001934)",0.901228507552452,0.737968860580326,23,"QL-XII-47","EGFR,CDKN1A"
"Positive Regulation Of Protein Serine/Threonine Kinase Activity (GO:0071902)",-1.05443225808318,0.597246287128713,14,"QL-XII-47","AKT1,RHOA,CALM3,CALM1,CALM2"
"Positive Regulation Of Signal Transduction (GO:0009967)",0.695807524603325,0.907251925001088,12,"QL-XII-47","HIF1A,GATA3"
"Positive Regulation Of Transcription By RNA Polymerase II (GO:0045944)",2.05258229618381,0.00132998522400658,52,"QL-XII-47","MYC,EGFR,RELB,JMJD6,EGR1,NR3C1,FOXO3,NCOA3,JUN,ATF5,NFKBIA,HIF1A,GATA3,SMAD3,TCERG1,TFAP2A,AKAP8L,ZNF395,EAPP,SQSTM1"
"Positive Regulation Of Transferase Activity (GO:0051347)",1.29735034814761,0.398564356435644,13,"QL-XII-47","MYC,EGFR,IGF1R"
"Positive Regulation Of Ubiquitin-Dependent Protein Catabolic Process (GO:2000060)",1.11630397343115,0.553745474798106,11,"QL-XII-47","DNAJB2,CSNK1A1,KEAP1,TRIB1,CSNK1E,HSPA1B,HSPA1A"
"Positive Regulation Of miRNA Metabolic Process (GO:2000630)",2.21751577652115,8.00919481357048e-05,14,"QL-XII-47","MYC,EGFR,FOSL1,EGR1,NR3C1,FOXO3,JUN,HIF1A,GATA3,SMAD3"
"Positive Regulation Of miRNA Transcription (GO:1902895)",2.21751577652115,8.00919481357048e-05,14,"QL-XII-47","MYC,EGFR,FOSL1,EGR1,NR3C1,FOXO3,JUN,HIF1A,GATA3,SMAD3"
"Proteasomal Protein Catabolic Process (GO:0010498)",1.36998706777451,0.320926385442514,17,"QL-XII-47","KCTD5,BIRC2,PMAIP1,APPBP2,CSNK1A1,TRIM13"
"Proteasome-Mediated Ubiquitin-Dependent Protein Catabolic Process (GO:0043161)",1.33081911984022,0.36139885404612,21,"QL-XII-47","KCTD5,DNAJB2,BIRC2,APPBP2,CSNK1A1,TRIM13,UBE2J1"
"Protein Autophosphorylation (GO:0046777)",0.999224808461178,0.628904868560651,13,"QL-XII-47","EGFR,IGF1R"
"Protein Catabolic Process (GO:0030163)",-1.05769167926125,0.597246287128713,14,"QL-XII-47","HSPA8,BNIP3,BNIP3L"
"Protein Dephosphorylation (GO:0006470)",1.23560150196874,0.428539871879832,11,"QL-XII-47","DUSP6,PPP2R5E,PTPN12,PTPRK,DUSP11"
"Protein Localization (GO:0008104)",1.04580955042201,0.597246287128713,24,"QL-XII-47","EGFR,DDX42,STX4,STX1A,SQSTM1,ARFIP2,RAB21,TIMM17B,TM9SF3,PTPRK"
"Protein Modification By Small Protein Conjugation (GO:0032446)",1.46338331975006,0.269589384974,17,"QL-XII-47","ZNF451,KLHL21,CNOT4,UFM1,KEAP1,COPS7A,STX1A,USP7,TRIM13,ATG3,MYCBP2"
"Protein Modification Process (GO:0036211)",-1.36951948250745,0.275280664413004,38,"QL-XII-47","BECN1,UBE2L6,ADAM10,PARP1,AKT1,PTK2,MSRA,ERO1A,ICMT,PAK4,CDK6,CHEK2,CDK4,ERBB2,PRKAG2"
"Protein Phosphorylation (GO:0006468)",-0.690439606584843,0.952322895277207,32,"QL-XII-47","BECN1,ADAM10,AKT1,PTK2,PAK4,CDK6,CHEK2,CDK4,ERBB2,PRKAG2"
"Protein Polyubiquitination (GO:0000209)",-1.07151499410252,0.597246287128713,12,"QL-XII-47","UBE2L6,STUB1,UBE3C,UBE2A"
"Protein Stabilization (GO:0050821)",-0.62158561825591,0.956346625831218,20,"QL-XII-47","STUB1,ATP1B1,GRN,CHEK2,PIN1,RUVBL1,CRTAP"
"Protein Targeting (GO:0006605)",0.670443376681517,0.927120669056153,10,"QL-XII-47","TOMM34,TIMM9,ATG3,TIMM17B"
"Protein Targeting To Mitochondrion (GO:0006626)",0.779529684857715,0.871732026143791,10,"QL-XII-47","TOMM34,TIMM9,TIMM17B,TIMM22"
"Protein Transport (GO:0015031)",-0.644303129054696,0.943477790986707,18,"QL-XII-47","RAB31,MACF1,TMED10"
"Protein Ubiquitination (GO:0016567)",1.02196526305608,0.609454328891536,20,"QL-XII-47","BIRC2,KLHL21,CNOT4,KEAP1,USP7,TRIM13,ATG3,UBE2J1,MYCBP2"
"Protein-Containing Complex Assembly (GO:0065003)",-0.749388368709071,0.906804997768853,20,"QL-XII-47","BECN1,ITGB1BP1,BAD,TMED10"
"Proteolysis (GO:0006508)",-1.23715494972709,0.428539871879832,13,"QL-XII-47","ADAM10,MBTPS1,BACE2,CAPN1"
"RNA Processing (GO:0006396)",1.24413754985764,0.431165862331725,12,"QL-XII-47","DNTTIP2,TCERG1,AKAP8L,RBM6,PRPF4"
"RNA Splicing, Via Transesterification Reactions With Bulged Adenosine As Nucleophile (GO:0000377)",-0.584380123011337,0.952322895277207,10,"QL-XII-47","HSPA8"
"Ras Protein Signal Transduction (GO:0007265)",0.668617645397351,0.92913452572688,16,"QL-XII-47","CDKN1A"
"Regulation Of Apoptotic Process (GO:0042981)",1.84004068598298,0.00631781117053718,65,"QL-XII-47","MYC,GADD45A,GADD45B,EGFR,DUSP6,EGR1,FOXO3,JUN,ATF5,BIRC2,IGF1R,PMAIP1,CASP3,UFM1,FHL2,SUPV3L1,DDX42,TFAP2A"
"Regulation Of Autophagy (GO:0010506)",-0.977691819387659,0.682689427972447,27,"QL-XII-47","BECN1,BNIP3,AKT1,HSPB1,CAPN1,BAD,VDAC1"
"Regulation Of Canonical Wnt Signaling Pathway (GO:0060828)",1.33020367706934,0.368083170890188,11,"QL-XII-47","EGFR,CSNK1A1,CSNK1E"
"Regulation Of Cell Adhesion (GO:0030155)",-0.894179788626086,0.756947319557881,11,"QL-XII-47","ADAM10,PTK2,ITGB1BP1,RSU1"
"Regulation Of Cell Cycle (GO:0051726)",1.80325633393875,0.0437387262910218,23,"QL-XII-47","MYC,GADD45A,GADD45B,CDKN1A,JUN,BIRC2,GATA3,RRP8,RB1"
"Regulation Of Cell Cycle G1/S Phase Transition (GO:1902806)",0.721637670542913,0.906804997768853,13,"QL-XII-47","CDKN1A"
"Regulation Of Cell Cycle Process (GO:0010564)",1.01169497675824,0.609454328891536,14,"QL-XII-47","MYC,ATF5,KLHL21,RRP8"
"Regulation Of Cell Differentiation (GO:0045595)",-0.732192531230537,0.906804997768853,15,"QL-XII-47","DAG1,PTK2,SMARCA4,HDAC2,CDK6,SMARCD2"
"Regulation Of Cell Growth (GO:0001558)",1.24905091771361,0.420727205610927,25,"QL-XII-47","EGFR,CDKN1A,DNAJB2,CGRRF1,CCDC85B,SMAD3,SUPV3L1,RB1"
"Regulation Of Cell Migration (GO:0030334)",-0.977982923886661,0.682689427972447,28,"QL-XII-47","DAG1,ADAM10,AKT1,PTK2,RHOA,MACF1,CLIC4,MYLK"
"Regulation Of Cell Population Proliferation (GO:0042127)",1.55872371862502,0.1187550723042,58,"QL-XII-47","MYC,EGFR,FOSL1,CDKN1A,JUN,DNAJB2,ATF5,BIRC2,IGF1R,CGRRF1,GATA3,SMAD3,STX4,TFAP2A,LGMN,EAPP,CHERP"
"Regulation Of Cellular Component Organization (GO:0051128)",-1.11384825352051,0.554846360433888,10,"QL-XII-47","HSPA8,RAB4A"
"Regulation Of Cold-Induced Thermogenesis (GO:0120161)",1.17016630738366,0.494897959183673,10,"QL-XII-47","KDM3A,IGF1R,RB1,IL4R"
"Regulation Of Cyclin-Dependent Protein Serine/Threonine Kinase Activity (GO:0000079)",1.7344080785022,0.125980363393991,12,"QL-XII-47","GADD45A,EGFR,CDKN1A"
"Regulation Of DNA Repair (GO:0006282)",-0.934912510447353,0.734586714163203,11,"QL-XII-47","PCNA,PARP1"
"Regulation Of DNA-templated Transcription (GO:0006355)",2.06689278245903,4.67272863119237e-05,93,"QL-XII-47","MYC,EGFR,FOSL1,RELB,JMJD6,EGR1,NR3C1,FOXO3,TERF2IP,KDM5A,JUN,KDM3A,ATF5,ZNF274,MTF2,ARID4B,ARID5B,NFIL3,BHLHE40,HIF1A,KAT6A,GATA3,CCDC85B,SMAD3,KAT6B,CEBPD,TFAP2A,RRP8,RB1,ZNF395"
"Regulation Of ERK1 And ERK2 Cascade (GO:0070372)",1.53961374895124,0.254272965651253,17,"QL-XII-47","EGFR,DUSP6"
"Regulation Of G1/S Transition Of Mitotic Cell Cycle (GO:2000045)",0.953070660126762,0.689679502835898,19,"QL-XII-47","EGFR,CDKN1A"
"Regulation Of GTPase Activity (GO:0043087)",-1.66782474025852,0.13583977245995,12,"QL-XII-47","PTK2,ITGB1BP1,GNB5,RSU1,VAV3,RALGDS,PIN1,ERBB2"
"Regulation Of Gene Expression (GO:0010468)",1.73705251037267,0.0205913934070336,57,"QL-XII-47","MYC,TIPARP,EGR1,NR3C1,TERF2IP,ATF5,ZNF274,MTF2,NFIL3,BHLHE40,HIF1A,KAT6A,GATA3,TICAM1,SMAD3,KAT6B,TFAP2A,RB1,ZNF131,ZNF395"
"Regulation Of I-kappaB kinase/NF-kappaB Signaling (GO:0043122)",1.0371642458186,0.599296528521181,21,"QL-XII-47","HMOX1,TERF2IP,BIRC2,TICAM1"
"Regulation Of Inflammatory Response (GO:0050727)",1.41044726145181,0.314351851851852,10,"QL-XII-47","BIRC2,NFKBIA,GATA3,RB1"
"Regulation Of Intracellular Signal Transduction (GO:1902531)",0.902626435818017,0.749157232704402,16,"QL-XII-47","EGFR,NFKBIA,KAT6A,USP7,SQSTM1"
"Regulation Of MAPK Cascade (GO:0043408)",1.13095875511017,0.552004294917681,12,"QL-XII-47","EGFR,DUSP6,IGF1R"
"Regulation Of Macroautophagy (GO:0016241)",-1.38190997681607,0.314351851851852,11,"QL-XII-47","BECN1,BNIP3,BNIP3L,CAPN1"
"Regulation Of Macromolecule Metabolic Process (GO:0060255)",1.26419186299901,0.420727205610927,10,"QL-XII-47","MYC,HIF1A"
"Regulation Of Mitotic Cell Cycle (GO:0007346)",-0.916002776071993,0.725647688794393,12,"QL-XII-47","EIF4EBP1,DYNLT3"
"Regulation Of Mitotic Cell Cycle Phase Transition (GO:1901990)",0.652671294556889,0.92913452572688,15,"QL-XII-47","CDKN1A"
"Regulation Of Neuron Apoptotic Process (GO:0043523)",1.57285413732237,0.254272965651253,12,"QL-XII-47","EGR1,FOXO3,TFAP2A,LGMN"
"Regulation Of Nucleic Acid-Templated Transcription (GO:1903506)",1.93605068603051,0.00710975722351997,24,"QL-XII-47","NR3C1,TERF2IP,ATF5,ZNF274,MTF2,NFIL3,BHLHE40,HIF1A,KAT6A,SMAD3,KAT6B,RB1,ZNF395"
"Regulation Of Phosphorylation (GO:0042325)",1.25039619567502,0.420727205610927,10,"QL-XII-47","EGFR,CDKN1A"
"Regulation Of Programmed Cell Death (GO:0043067)",-1.37348246622654,0.314351851851852,18,"QL-XII-47","BECN1,BNIP3,BNIP3L,AKT1,TMEM109"
"Regulation Of Proteasomal Ubiquitin-Dependent Protein Catabolic Process (GO:0032434)",1.37025587279369,0.354970811187593,13,"QL-XII-47","DNAJB2,CSNK1A1,KEAP1,TRIB1,USP7,CSNK1E,HSPA1B,HSPA1A"
"Regulation Of Protein Binding (GO:0043393)",0.912838041257516,0.732113577804961,13,"QL-XII-47","CDKN1A,DNAJB2"
"Regulation Of Protein Catabolic Process (GO:0042176)",1.20339041664448,0.454605781593464,11,"QL-XII-47","EGFR,TIPARP"
"Regulation Of Protein Kinase Activity (GO:0045859)",-0.807571368439458,0.838058590772135,11,"QL-XII-47","AKT1,HSPB1,PTK2,ITGB1BP1"
"Regulation Of Protein Metabolic Process (GO:0051246)",1.25521763367591,0.420727205610927,11,"QL-XII-47","FOXO3,NFKBIA"
"Regulation Of Protein Phosphorylation (GO:0001932)",1.30503662625589,0.368083170890188,16,"QL-XII-47","EGFR,CDKN1A,TERF2IP"
"Regulation Of Protein Serine/Threonine Kinase Activity (GO:0071900)",1.02663497288055,0.609454328891536,20,"QL-XII-47","GADD45A,CDKN1A,TRIB1,RB1,CCNH"
"Regulation Of Protein Ubiquitination (GO:0031396)",1.16427900498687,0.527937004226738,12,"QL-XII-47","DNAJB2,BIRC2,VPS28,SQSTM1,MYCBP2,HSPA1B,HSPA1A"
"Regulation Of Signal Transduction (GO:0009966)",0.888368351759653,0.736851403189986,12,"QL-XII-47","GATA3,RGS2"
"Regulation Of Transcription By RNA Polymerase II (GO:0006357)",2.34879053942683,2.30108082025931e-07,90,"QL-XII-47","MYC,GADD45A,ZFP36,EGFR,FOSL1,RELB,JMJD6,EGR1,NR3C1,FOXO3,NCOA3,JUN,KDM3A,ATF5,ZNF274,DRAP1,NFKBIA,ARID4B,ARID5B,NFIL3,BHLHE40,HIF1A,GATA3,SMAD3,FHL2,TCERG1,CEBPD,TFAP2A,AKAP8L,RB1,ZNF131,ZNF395"
"Regulation Of Transforming Growth Factor Beta Receptor Signaling Pathway (GO:0017015)",1.00651156916476,0.627278071722516,10,"QL-XII-47","ZNF451,ARID4B,SMAD3"
"Regulation Of Translation (GO:0006417)",1.05969577280306,0.588434190244145,17,"QL-XII-47","FOXO3,YTHDF1,EIF5"
"Regulation Of miRNA Transcription (GO:1902893)",2.24898737188113,6.9508794545516e-05,15,"QL-XII-47","MYC,EGFR,FOSL1,EGR1,NR3C1,FOXO3,JUN,HIF1A,GATA3,SMAD3"
"Response To Cytokine (GO:0034097)",1.21835846070564,0.431165862331725,10,"QL-XII-47","RELB,CASP3"
"Response To Endoplasmic Reticulum Stress (GO:0034976)",0.885710961568613,0.743106466096751,13,"QL-XII-47","JUN,UFM1"
"Response To Lipopolysaccharide (GO:0032496)",1.24947415885223,0.431165862331725,12,"QL-XII-47","ZFP36,CXCL2,TICAM1,TRIB1,NFKBIB,IFNAR1"
"Response To Reactive Oxygen Species (GO:0000302)",1.70015319955559,0.137340822972187,12,"QL-XII-47","HMOX1,EGFR,JUN,HIF1A"
"Response To Tumor Necrosis Factor (GO:0034612)",1.14310177189757,0.527937004226738,11,"QL-XII-47","ZFP36,NFKBIA,GATA3,CASP3"
"Response To UV (GO:0009411)",1.2516808882046,0.428538895973766,13,"QL-XII-47","MYC,EGFR"
"Response To Unfolded Protein (GO:0006986)",-0.96654700826724,0.703150409305146,11,"QL-XII-47","HSPA8,HSPB1"
"Ribosome Biogenesis (GO:0042254)",1.0506393558712,0.597246287128713,11,"QL-XII-47","DNTTIP2,DDX10"
"Small GTPase Mediated Signal Transduction (GO:0007264)",0.62146579479818,0.943477790986707,15,"QL-XII-47","CDKN1A"
"Supramolecular Fiber Organization (GO:0097435)",-1.52979114430352,0.19175733826051,16,"QL-XII-47","STMN1,MYL9,RHOA,ALDOA,EVL,PIN1,CRTAP,FAT1,DNAJB6,TPM1,BID,CDC42"
"Transcription By RNA Polymerase II (GO:0006366)",-0.708075794759222,0.91719717210366,14,"QL-XII-47","PARP1,TFDP1,GTF2A2"
"Transmembrane Receptor Protein Tyrosine Kinase Signaling Pathway (GO:0007169)",-0.957736961554507,0.695253235162874,23,"QL-XII-47","DDIT4,STMN1,AKT1,PTK2"
"Ubiquitin-Dependent Protein Catabolic Process (GO:0006511)",1.30355412018205,0.341529581529582,28,"QL-XII-47","KCTD5,CHMP4A,BIRC2,CNOT4,APPBP2,CSNK1A1,VPS28,KEAP1,TRIM13,SQSTM1"
"Vesicle-Mediated Transport (GO:0016192)",-1.08919296786989,0.587167070217918,16,"QL-XII-47","BECN1,RAB27A,RAB4A"
"Wound Healing (GO:0042060)",1.11306396031517,0.553745474798106,10,"QL-XII-47","HMOX1,CHMP4A,SMAD3"
"mRNA Processing (GO:0006397)",0.860010219935592,0.754000914494742,13,"QL-XII-47","RNMT,TCERG1,RBM6,PRPF4"
"mRNA Splicing, Via Spliceosome (GO:0000398)",-0.558662654373393,0.959100204498977,11,"QL-XII-47","HSPA8"
"ATP Metabolic Process (GO:0046034)",-1.01138440781522,0.780684104627767,10,"GSK-690693","HSPA8,BAD"
"Apoptotic Process (GO:0006915)",-1.25094241143613,0.580398394304325,23,"GSK-690693","DDIT4,HSPD1,NFKBIA,BAD"
"Cellular Component Assembly (GO:0022607)",-0.758694395632902,0.900082850041425,11,"GSK-690693","RHOA,MNAT1"
"Cellular Response To Cytokine Stimulus (GO:0071345)",-0.920935967293593,0.838163816381638,22,"GSK-690693","RHOA,CCL2,NFKBIA,CALM1,CD58,PLP2"
"Cellular Response To Decreased Oxygen Levels (GO:0036294)",0.850986111753816,0.900051692943913,10,"GSK-690693","BNIP3L"
"Cellular Response To Growth Factor Stimulus (GO:0071363)",1.46210867251097,0.420368364030336,21,"GSK-690693","NR3C1,EGFR,PTPN12,STAT5B,IQGAP1,ERBB2,CD44,CPNE3,SMAD3,DUSP3"
"Cellular Response To Hypoxia (GO:0071456)",0.850986111753816,0.900051692943913,10,"GSK-690693","BNIP3L"
"Cellular Response To Insulin Stimulus (GO:0032869)",1.12468856499415,0.751374312843578,10,"GSK-690693","IGF1R,RAB31"
"Cellular Response To Lipid (GO:0071396)",0.958242796463541,0.796834301743138,17,"GSK-690693","NCOA3,NR3C1,EGFR"
"Cellular Response To Metal Ion (GO:0071248)",1.31434460909431,0.580398394304325,12,"GSK-690693","EGFR,CDKN1B,IQGAP1,CPNE3"
"Cellular Response To Organic Cyclic Compound (GO:0071407)",1.10268426052704,0.751374312843578,14,"GSK-690693","NCOA3,NR3C1,EGFR,TIPARP,CREB1"
"Cellular Response To Oxidative Stress (GO:0034599)",1.26177825460475,0.624186892355039,19,"GSK-690693","EGFR,KEAP1,NFE2L2,PTPRK,FOXO3,TPM1,HMOX1,HSPA1B,HSPA1A,SQSTM1,FOS"
"Cellular Response To Oxygen-Containing Compound (GO:1901701)",1.04662460623258,0.780684104627767,26,"GSK-690693","NCOA3,EGFR,CDKN1B,IQGAP1,CREB1,PTPRK,TPM1,CPNE3,INSIG1,EGR1,CASP7"
"Cellular Response To Reactive Oxygen Species (GO:0034614)",1.35530879873112,0.550864197530864,10,"GSK-690693","EGFR,NFE2L2,PTPRK,TPM1"
"Cellular Response To Starvation (GO:0009267)",-1.52771973970584,0.420368364030336,10,"GSK-690693","HSPA8,RRP8"
"Cellular Response To Tumor Necrosis Factor (GO:0071356)",-0.774331720602342,0.900082850041425,15,"GSK-690693","CCL2,NFKBIA"
"Chromatin Organization (GO:0006325)",-0.759126779315548,0.918914579319204,20,"GSK-690693","HDAC2,RUVBL1,GRWD1,ZNF274,BCL7B,RB1,HAT1,MTF2"
"Chromatin Remodeling (GO:0006338)",-0.645417133111459,0.95238388062149,17,"GSK-690693","HDAC2,RUVBL1,ZNF274,BCL7B,RB1,MTF2"
"Cytokine-Mediated Signaling Pathway (GO:0019221)",-0.718995900647602,0.937606981037087,17,"GSK-690693","CCL2,NFKBIA"
"DNA Damage Response (GO:0006974)",-0.876350473682218,0.897636299492524,26,"GSK-690693","SMC1A,MNAT1,RAD51C,GADD45A,POLB"
"DNA Metabolic Process (GO:0006259)",-1.61622875836011,0.274879649984012,19,"GSK-690693","SMC1A,RUVBL1,MNAT1,SUPV3L1,GRWD1,RAD51C,GADD45A,POLB"
"DNA Repair (GO:0006281)",-1.39796355829551,0.448399399052352,19,"GSK-690693","PCNA,SMC1A,MNAT1,RAD51C,GADD45A,POLB,RFC2,MTA1,RPA3"
"DNA-templated Transcription (GO:0006351)",-1.50903180365396,0.279324631324578,20,"GSK-690693","MRPL12,GTF2A2,MNAT1,POLR2I,POLR2K,GTF2E2"
"Defense Response To Virus (GO:0051607)",-0.880052381968384,0.894455863880324,11,"GSK-690693","DDIT4"
"Endomembrane System Organization (GO:0010256)",-1.08655680890567,0.756177053512442,11,"GSK-690693","VAPB,TMED10,DNM1L,CDC42"
"Establishment Of Protein Localization To Mitochondrion (GO:0072655)",-1.4951025429428,0.420368364030336,10,"GSK-690693","HSPD1,TIMM9,TIMM17B"
"Gene Expression (GO:0010467)",-1.42005230991725,0.432127882599581,19,"GSK-690693","MRPL12,HSPD1,NUP88,STUB1,MRPS16"
"Inflammatory Response (GO:0006954)",-0.721611678233525,0.918914579319204,11,"GSK-690693","CCL2,RELB"
"Intracellular Protein Transport (GO:0006886)",-0.934177469829497,0.832946459727216,23,"GSK-690693","NUP88,ARFIP2,TMED10,TIMM17B"
"Intrinsic Apoptotic Signaling Pathway (GO:0097193)",-1.62517953573718,0.284547228313815,14,"GSK-690693","RRP8,CYCS,TRIB3,BAD"
"Membrane Organization (GO:0061024)",-1.03660504623947,0.780684104627767,10,"GSK-690693","HSPA8,VAPB"
"Mitochondrial Transport (GO:0006839)",-1.32219742156161,0.550864197530864,13,"GSK-690693","TIMM9,BAD,TIMM17B"
"Mitochondrion Organization (GO:0007005)",-1.41272688430241,0.455722480196668,21,"GSK-690693","HSPD1,TIMM9,SUPV3L1,TIMM17B,YME1L1,HSD17B10,MTFR1"
"Mitotic Cell Cycle Phase Transition (GO:0044772)",-0.691397819279878,0.942583041056323,13,"GSK-690693","EIF4EBP1,CCND3,ARPP19,CHMP4A,CCND1"
"Mitotic Sister Chromatid Segregation (GO:0000070)",-1.35380194798861,0.550864197530864,10,"GSK-690693","SMC1A,RHOA"
"Modification-Dependent Protein Catabolic Process (GO:0019941)",-0.567710405068273,0.964033572705512,14,"GSK-690693","STUB1"
"Negative Regulation Of Apoptotic Process (GO:0043066)",1.08456729547202,0.751374312843578,47,"GSK-690693","ERBB3,BNIP3L,IGF1R,EGFR,TJP1,SOCS2,TLE1,GRN,ERBB2,CD44"
"Negative Regulation Of Apoptotic Signaling Pathway (GO:2001234)",-0.655935393345399,0.942583041056323,10,"GSK-690693","PSMD10,RB1"
"Negative Regulation Of Binding (GO:0051100)",-0.754645152198638,0.900082850041425,11,"GSK-690693","NFKBIA,ITGB1BP1,RALB,JUN"
"Negative Regulation Of Cell Cycle (GO:0045786)",-0.693001290131927,0.937606981037087,10,"GSK-690693","RRP8"
"Negative Regulation Of Cell Death (GO:0060548)",1.08852101480097,0.751374312843578,10,"GSK-690693","BNIP3L"
"Negative Regulation Of Cell Differentiation (GO:0045596)",0.947677920917358,0.822592132505176,17,"GSK-690693","SOX4,EGFR,ID2,SMAD3,GATA3,NR1H2,SMARCA4"
"Negative Regulation Of Cell Growth (GO:0030308)",1.19430065619588,0.661693749653375,13,"GSK-690693","VGLL4,DNAJB2,CDKN1B,SMAD3,SMARCA4,HSPA1B,HSPA1A"
"Negative Regulation Of Cell Migration (GO:0030336)",0.786268297947453,0.900082850041425,14,"GSK-690693","DAG1,PTPRK,FOXO3,TPM1,ARID4B,HMOX1,DUSP3"
"Negative Regulation Of Cell Motility (GO:2000146)",1.12465924104714,0.751374312843578,12,"GSK-690693","DAG1,PTPRK,FOXO3,TPM1,ARID4B,GATA3,DUSP3"
"Negative Regulation Of Cell Population Proliferation (GO:0008285)",1.26093559599358,0.550864197530864,28,"GSK-690693","SOX4,VGLL4,DNAJB2,APP,CDKN1B,PTPRK,CHERP,SMAD3,GATA3,HMOX1"
"Negative Regulation Of Cellular Process (GO:0048523)",1.14112978910211,0.661693749653375,40,"GSK-690693","ERBB3,SOX4,VGLL4,DNAJB2,APP,ADAM10,CDKN1B,PTPRK,CHERP,SMAD3,GATA3"
"Negative Regulation Of DNA-binding Transcription Factor Activity (GO:0043433)",-1.10613131218286,0.751374312843578,12,"GSK-690693","HDAC2,NFKBIA,TRIB1,PSMD10,NFKBIE,RB1"
"Negative Regulation Of DNA-templated Transcription (GO:0045892)",-0.90229842433005,0.897636299492524,65,"GSK-690693","HSPA8,RRP8,EED,HDAC2,TRIB3,TCERG1,NRIP1,NFIL3,PSMD10,ATF5,ZNF274"
"Negative Regulation Of Gene Expression (GO:0010629)",0.841293370086308,0.900082850041425,23,"GSK-690693","APP,TIPARP,ADAM10,TRIM2,ID2"
"Negative Regulation Of Growth (GO:0045926)",1.19430065619588,0.661693749653375,13,"GSK-690693","VGLL4,DNAJB2,CDKN1B,SMAD3,SMARCA4,HSPA1B,HSPA1A"
"Negative Regulation Of Intracellular Signal Transduction (GO:1902532)",1.23797297316134,0.650881901840491,17,"GSK-690693","IGF1R,VGLL4,DUSP4,TLE1,DAG1"
"Negative Regulation Of MAPK Cascade (GO:0043409)",0.927972975457866,0.83217659533449,13,"GSK-690693","IGF1R,DUSP4,DAG1"
"Negative Regulation Of Macromolecule Metabolic Process (GO:0010605)",1.17404548694958,0.67179054054054,15,"GSK-690693","APP,TIPARP,ADAM10,ID2,SMAD3,STAT3"
"Negative Regulation Of Multicellular Organismal Process (GO:0051241)",0.813925200274149,0.900082850041425,12,"GSK-690693","EGFR,GRN,ARID4B,LRPAP1,GATA3"
"Negative Regulation Of Neuron Death (GO:1901215)",1.0135698094703,0.780684104627767,10,"GSK-690693","ERBB3,GRN"
"Negative Regulation Of Nucleic Acid-Templated Transcription (GO:1903507)",-0.997537890585897,0.780684104627767,35,"GSK-690693","HSPA8,RRP8,EED,HDAC2,TRIB3,NFIL3,ATF5"
"Negative Regulation Of Programmed Cell Death (GO:0043069)",1.10205322148575,0.697647190008921,39,"GSK-690693","ERBB3,BNIP3L,IGF1R,EGFR,TJP1,SOCS2,ERBB2,CD44,FHL2,PTK2"
"Negative Regulation Of Protein Binding (GO:0032091)",0.758703351060589,0.900082850041425,10,"GSK-690693","DNAJB2"
"Negative Regulation Of Protein Kinase Activity (GO:0006469)",-0.916838084961654,0.863390092879257,14,"GSK-690693","TRIB3,TRIB1,ITGB1BP1,GADD45A,HSPB1,RB1"
"Negative Regulation Of Protein Phosphorylation (GO:0001933)",-1.34738784143511,0.550856911063787,17,"GSK-690693","TRIB3,TRIB1,CALM3,CALM1,CALM2,ITGB1BP1,HSPB1,RB1,EIF4G1"
"Negative Regulation Of Protein Serine/Threonine Kinase Activity (GO:0071901)",-1.07997172049699,0.756177053512442,10,"GSK-690693","RGS2,GADD45A,RB1,APOE"
"Negative Regulation Of Response To External Stimulus (GO:0032102)",-0.93461786741585,0.838163816381638,10,"GSK-690693","CASK,TRIB1,RB1,APOE"
"Negative Regulation Of Signal Transduction (GO:0009968)",1.23074596903669,0.650881901840491,19,"GSK-690693","ERBB3,VGLL4,PTPN12,TLE1"
"Negative Regulation Of Transcription By RNA Polymerase II (GO:0000122)",-0.882387464479434,0.900051692943913,46,"GSK-690693","EED,HDAC2,TRIB3,TCERG1,NRIP1,NFIL3,PSMD10,ZNF274"
"Nervous System Development (GO:0007399)",1.78039034590226,0.182039231980602,11,"GSK-690693","ERBB3,SOX4,EGFR,APP,ERBB2,CHERP,STAT3,MBNL1"
"Organelle Organization (GO:0006996)",-1.29962622408755,0.550864197530864,26,"GSK-690693","VAPB,CCL2,TMED10,YME1L1,HSD17B10,MTFR1,RB1,DNM1L,CDC42,HAT1,APOE,CHMP4A"
"Peptidyl-Serine Modification (GO:0018209)",0.758883598147141,0.900082850041425,12,"GSK-690693","IKBKB,CAB39,TLK2,MAPKAPK2,CSNK1E,CSNK2A2,CSNK1A1,MAPK13,MAPKAPK3,PRKX,MAPKAPK5,MKNK1"
"Peptidyl-Serine Phosphorylation (GO:0018105)",0.758883598147141,0.900082850041425,12,"GSK-690693","IKBKB,CAB39,TLK2,MAPKAPK2,CSNK1E,CSNK2A2,CSNK1A1,MAPK13,MAPKAPK3,PRKX,MAPKAPK5,MKNK1"
"Phosphorylation (GO:0016310)",1.22039269475271,0.650881901840491,25,"GSK-690693","STK25,IKBKB,APP,ADAM10,CREB1,ERBB2,PTK2,TLK2,STAT3,ILK,CDC25B"
"Positive Regulation Of Apoptotic Process (GO:0043065)",1.17622070941268,0.651207193890121,29,"GSK-690693","BNIP3L,SOX4,CTSD,CTSL,GADD45B,GRN"
"Positive Regulation Of Autophagy (GO:0010508)",0.794046470729923,0.900082850041425,11,"GSK-690693","BNIP3L"
"Positive Regulation Of Cell Cycle (GO:0045787)",0.838833396021909,0.900082850041425,11,"GSK-690693","EGFR,APP"
"Positive Regulation Of Cell Differentiation (GO:0045597)",1.3592181447664,0.550864197530864,12,"GSK-690693","SOX4,CREB1,SMARCD2,ID2,PTK2,SMAD3"
"Positive Regulation Of Cell Growth (GO:0030307)",0.97520231188851,0.780684104627767,12,"GSK-690693","EGFR,MACF1,ERBB2"
"Positive Regulation Of Cell Migration (GO:0030335)",1.88535263377558,0.0952908078980906,17,"GSK-690693","IGF1R,EGFR,SYNE2,TJP1,ADAM10,GRN,CPNE3,PTK2"
"Positive Regulation Of Cell Motility (GO:2000147)",1.8705617708977,0.0796666079844072,15,"GSK-690693","IGF1R,EGFR,SYNE2,TJP1,ADAM10,GRN,CPNE3,PTK2"
"Positive Regulation Of Cell Population Proliferation (GO:0008284)",1.51113185713376,0.274879649984012,38,"GSK-690693","ERBB3,SOX4,IGF1R,EGFR,TJP1,ADAM10,GRN,EAPP,ERBB2,CAPN1,ID2"
"Positive Regulation Of Cellular Biosynthetic Process (GO:0031328)",1.26441039621212,0.613305541080424,14,"GSK-690693","SOX4,ERBB2,SMAD3,EGR1,NR1H2"
"Positive Regulation Of Cellular Catabolic Process (GO:0031331)",-0.865329070411998,0.897636299492524,15,"GSK-690693","BAD,SUPV3L1,ATF6,PHKG2"
"Positive Regulation Of Cellular Process (GO:0048522)",1.37337005591906,0.432127882599581,41,"GSK-690693","ERBB3,SOX4,IGF1R,EGFR,TJP1,ADAM10,GRN,EAPP,ERBB2,SMARCD2,CAPN1,TPM1,PTK2"
"Positive Regulation Of Cysteine-Type Endopeptidase Activity Involved In Apoptotic Process (GO:0043280)",-1.39787807182835,0.481150793650794,11,"GSK-690693","HSPD1,CYCS,BAD,PRR7"
"Positive Regulation Of Cytokine Production (GO:0001819)",-0.672236023750678,0.942583041056323,16,"GSK-690693","HSPD1"
"Positive Regulation Of DNA-binding Transcription Factor Activity (GO:0051091)",1.04634627320206,0.756177053512442,16,"GSK-690693","IKBKB,APP,SMAD3,STAT3,SMARCA4,HSPA1B,HSPA1A"
"Positive Regulation Of DNA-templated Transcription (GO:0045893)",0.945391440668458,0.838163816381638,72,"GSK-690693","NCOA3,SOX4,KDM5A,NR3C1,EGFR,FOXJ3,IKBKB,APP,STAT5B,CREB1,KAT6A,KAT6B,NFE2L2,ERBB2,ID2,FOXO3,ATMIN"
"Positive Regulation Of Developmental Process (GO:0051094)",0.808923911886636,0.900082850041425,14,"GSK-690693","NCOA3,DAG1,SMARCD2,ARID4B,SMARCA4,RALA"
"Positive Regulation Of Gene Expression (GO:0010628)",1.4002994011924,0.432127882599581,28,"GSK-690693","SOX4,APP,TLE1,NFE2L2,ERBB2,ID2,SMAD3,EGR1,STAT3,S100A13,SMARCA4,HSPA1B,HSPA1A,TFAP2A"
"Positive Regulation Of Hydrolase Activity (GO:0051345)",-1.00931385927304,0.780684104627767,12,"GSK-690693","RHOA,CCL2,CALM3,CALM1,CALM2"
"Positive Regulation Of I-kappaB kinase/NF-kappaB Signaling (GO:0043123)",-0.899844856670751,0.878556460346258,17,"GSK-690693","RHOA,GOLT1B,TRIM13"
"Positive Regulation Of Intracellular Signal Transduction (GO:1902533)",1.24631407807329,0.550864197530864,38,"GSK-690693","ERBB3,IGF1R,EGFR,IKBKB,DDR1,APP,IQGAP1,ERBB2"
"Positive Regulation Of Kinase Activity (GO:0033674)",1.98308691060143,0.0796666079844072,10,"GSK-690693","ERBB3,IGF1R,EGFR,DDR1,IQGAP1,ERBB2,PTK2"
"Positive Regulation Of MAPK Cascade (GO:0043410)",1.78524776893883,0.182039231980602,14,"GSK-690693","IGF1R,EGFR,STK25,DDR1,APP,IQGAP1,ERBB2,CD44"
"Positive Regulation Of Macromolecule Metabolic Process (GO:0010604)",0.88428594092544,0.878987007531431,23,"GSK-690693","APP,TLE1,NFE2L2,ID2,SMAD3,EGR1,STAT3,NR1H2,HSPA1B,HSPA1A,TFAP2A"
"Positive Regulation Of Mitochondrion Organization (GO:0010822)",-0.600642987040111,0.956223893065998,11,"GSK-690693","BAD,DNM1L,PMAIP1,FIS1,ZDHHC6,BNIP3,BAX,BID,TP53,RALA,FBXO7"
"Positive Regulation Of Multicellular Organismal Process (GO:0051240)",1.07785680632397,0.756177053512442,21,"GSK-690693","NCOA3,IGF1R,PTK2,ARID4B,SMAD3,LRPAP1,KDM3A,GRB10,S100A13,SMARCA4"
"Positive Regulation Of NF-kappaB Transcription Factor Activity (GO:0051092)",0.994030170759597,0.780684104627767,10,"GSK-690693","IKBKB,APP,STAT3,HSPA1B,HSPA1A"
"Positive Regulation Of Nucleic Acid-Templated Transcription (GO:1903508)",1.00468219676271,0.780684104627767,42,"GSK-690693","SOX4,KDM5A,EGFR,IKBKB,CREB1,KAT6A,KAT6B,ID2,FOXO3,ATMIN,SMAD3,GATA3,KDM3A,EGR1,STAT3,USP22,ILK,NR1H2,SMARCA4"
"Positive Regulation Of Phosphorylation (GO:0042327)",1.76683329218489,0.182039231980602,17,"GSK-690693","ERBB3,IGF1R,EGFR,DDR1,APP,ERBB2,PTK2"
"Positive Regulation Of Programmed Cell Death (GO:0043068)",1.06232779989381,0.770186335403727,26,"GSK-690693","BNIP3L,SOX4,CTSD,GADD45B"
"Positive Regulation Of Proteasomal Protein Catabolic Process (GO:1901800)",-1.06040978926797,0.770186335403727,10,"GSK-690693","STUB1,TRIB3,TRIB1,PSMD10"
"Positive Regulation Of Proteasomal Ubiquitin-Dependent Protein Catabolic Process (GO:0032436)",-1.01440730752898,0.780684104627767,13,"GSK-690693","STUB1,TRIB3,TRIB1,PSMD10"
"Positive Regulation Of Protein Kinase Activity (GO:0045860)",0.823122559727465,0.900082850041425,15,"GSK-690693","ERBB3,IQGAP1,PIH1D1,CAB39,PTK2"
"Positive Regulation Of Protein Metabolic Process (GO:0051247)",1.16452512268658,0.690128988458927,18,"GSK-690693","SOX4,VGLL4,APP,TIPARP,CDKN1B,ERBB2,VPS28"
"Positive Regulation Of Protein Modification Process (GO:0031401)",-0.677484049364355,0.944203024508952,20,"GSK-690693","RRP8,CALM3,CALM1,CALM2,CCND3,RALB"
"Positive Regulation Of Protein Phosphorylation (GO:0001934)",1.02638382881028,0.780684104627767,23,"GSK-690693","EGFR,APP,IQGAP1,ERBB2,CD44,CAB39,PTK2"
"Positive Regulation Of Protein Serine/Threonine Kinase Activity (GO:0071902)",-1.02248820983767,0.780684104627767,14,"GSK-690693","RHOA,PSMD10,CALM3,CALM1,CALM2,CCND3,RALB"
"Positive Regulation Of Signal Transduction (GO:0009967)",1.4950088157875,0.432127882599581,12,"GSK-690693","MACF1,CTSL,PIH1D1,GATA3,STAT3,GRB10,ILK,SMARCA4"
"Positive Regulation Of Transcription By RNA Polymerase II (GO:0045944)",1.0739940619254,0.751374312843578,52,"GSK-690693","NCOA3,SOX4,NR3C1,EGFR,FOXJ3,IKBKB,APP,STAT5B,EAPP,CREB1,NFE2L2,FOXO3,ATMIN,SMAD3,GATA3,EGR1,STAT3,NR1H2,SMARCA4,RRP1B,SQSTM1,CDK7,PIN1,FOS,NFKB2,TFAP2A,MUC1"
"Positive Regulation Of Transferase Activity (GO:0051347)",1.30460580573749,0.554990464081373,13,"GSK-690693","ERBB3,IGF1R,EGFR,DDR1"
"Positive Regulation Of Ubiquitin-Dependent Protein Catabolic Process (GO:2000060)",-0.996593547634056,0.780684104627767,11,"GSK-690693","STUB1,TRIB3,TRIB1,PSMD10"
"Positive Regulation Of miRNA Metabolic Process (GO:2000630)",1.21238699804717,0.650881901840491,14,"GSK-690693","NR3C1,EGFR,FOXO3,SMAD3,GATA3,EGR1,STAT3,SMARCA4"
"Positive Regulation Of miRNA Transcription (GO:1902895)",1.21238699804717,0.650881901840491,14,"GSK-690693","NR3C1,EGFR,FOXO3,SMAD3,GATA3,EGR1,STAT3,SMARCA4"
"Proteasomal Protein Catabolic Process (GO:0010498)",-0.695225096074832,0.942583041056323,17,"GSK-690693","STUB1,TRIM13,ATF6,PSMD2"
"Proteasome-Mediated Ubiquitin-Dependent Protein Catabolic Process (GO:0043161)",0.896312124672063,0.86140279811797,21,"GSK-690693","DNAJB2,KLHDC2,TRIM2,NFE2L2"
"Protein Autophosphorylation (GO:0046777)",1.62877682061897,0.274879649984012,13,"GSK-690693","IGF1R,EGFR,STK25,DDR1,ERBB2,PTK2"
"Protein Catabolic Process (GO:0030163)",1.38478886626474,0.536118941026916,14,"GSK-690693","BNIP3L,CTSD,CTSL,CLPX"
"Protein Dephosphorylation (GO:0006470)",1.10836585467653,0.751374312843578,11,"GSK-690693","PTPN12,PTPRK,PPP2R5A,DUSP3"
"Protein Localization (GO:0008104)",0.970707982804448,0.780684104627767,24,"GSK-690693","EGFR,RAB31,CTTN,PTPRK,DDX42,TM9SF2,RAB21,STX1A"
"Protein Modification By Small Protein Conjugation (GO:0032446)",-0.610847054879536,0.962000868055556,17,"GSK-690693","STUB1,COPS7A,TRIM13,ATG3,UBE2L6"
"Protein Modification Process (GO:0036211)",1.37761916573828,0.442753898820844,38,"GSK-690693","STK25,PTPN12,IKBKB,GLRX,APP,ERO1A,ADAM10,CREB1,ICMT,ERBB2,PTPRK,PPP2R5A,PTK2"
"Protein Phosphorylation (GO:0006468)",1.48298562034514,0.284547228313815,32,"GSK-690693","IGF1R,EGFR,STK25,IKBKB,DDR1,APP,ADAM10,CREB1,ERBB2,CAB39,PTK2"
"Protein Polyubiquitination (GO:0000209)",-0.656751959420416,0.942583041056323,12,"GSK-690693","STUB1"
"Protein Stabilization (GO:0050821)",-1.19573622132468,0.650881901840491,20,"GSK-690693","HSPD1,STUB1,RUVBL1,CTNND1"
"Protein Targeting (GO:0006605)",-0.977631317973651,0.780684104627767,10,"GSK-690693","TIMM9,TIMM17B,ATG3"
"Protein Targeting To Mitochondrion (GO:0006626)",-1.4908760968334,0.426842684268427,10,"GSK-690693","HSPD1,TIMM9,TIMM17B"
"Protein Transport (GO:0015031)",0.824178178365785,0.900082850041425,18,"GSK-690693","MACF1,RAB31,CTTN,ARHGAP1"
"Protein Ubiquitination (GO:0016567)",0.715263971265909,0.942583041056323,20,"GSK-690693","KEAP1,KLHL21,TRIM2,NFE2L2"
"Protein-Containing Complex Assembly (GO:0065003)",-1.23178678512535,0.613305541080424,20,"GSK-690693","HSPD1,PSMG1,MNAT1,BAD,TMED10,TRAPPC3,ITGB1BP1"
"Proteolysis (GO:0006508)",1.96913786693915,0.0796666079844072,13,"GSK-690693","MBTPS1,CTSD,CTSL,CLPX,SENP6,ADAM10,CAPN1"
"RNA Processing (GO:0006396)",-0.97930143914667,0.780684104627767,12,"GSK-690693","LSM6,TCERG1"
"RNA Splicing, Via Transesterification Reactions With Bulged Adenosine As Nucleophile (GO:0000377)",-1.34521098166391,0.550864197530864,10,"GSK-690693","HSPA8,LSM6,PPIE"
"Ras Protein Signal Transduction (GO:0007265)",-0.852871519945725,0.900051692943913,16,"GSK-690693","RHOA,HACD3,NRAS,RB1,RALB"
"Regulation Of Apoptotic Process (GO:0042981)",1.05556791231648,0.756177053512442,65,"GSK-690693","ERBB3,BNIP3L,SOX4,IGF1R,EGFR,CTSD,GADD45B,TJP1,SOCS2,TRIM2,ERBB2,CD44,FOXO3,FHL2,PTK2,DDX42"
"Regulation Of Autophagy (GO:0010506)",-0.792613693479035,0.900082850041425,27,"GSK-690693","TRIB3,BAD,ATF6,ATP6V0B,HSPB1,DNM1L,EIF4G1"
"Regulation Of Canonical Wnt Signaling Pathway (GO:0060828)",1.18289421793583,0.661693749653375,11,"GSK-690693","SOX4,EGFR,TLE1"
"Regulation Of Cell Adhesion (GO:0030155)",1.65673965493069,0.292860345897353,11,"GSK-690693","ERBB3,CYTH1,ADAM10,ERBB2,TPM1,PTK2"
"Regulation Of Cell Cycle (GO:0051726)",-0.599887402344035,0.971098265895954,23,"GSK-690693","RRP8,RUVBL1,GADD45A,RB1,JUN,VPS72"
"Regulation Of Cell Cycle G1/S Phase Transition (GO:1902806)",0.608557157548998,0.956223893065998,13,"GSK-690693","CDKN1B,SMARCD2,ID2"
"Regulation Of Cell Cycle Process (GO:0010564)",-1.18904786353146,0.661693749653375,14,"GSK-690693","RRP8,ATF5,CALM3,CALM1,CALM2,BCL7B,CDC42"
"Regulation Of Cell Differentiation (GO:0045595)",1.01794343464929,0.780684104627767,15,"GSK-690693","CEBPD,DAG1,SMARCD2,ID2,PTK2,GATA3,SMARCA4,TFAP2A,SMARCC1,BIRC2"
"Regulation Of Cell Growth (GO:0001558)",1.28812194790601,0.554990464081373,25,"GSK-690693","EGFR,VGLL4,DNAJB2,SOCS2,ADAM10,CDKN1B,ERBB2"
"Regulation Of Cell Migration (GO:0030334)",1.67935067478,0.199426920395911,28,"GSK-690693","IGF1R,EGFR,SYNE2,MACF1,TJP1,ADAM10,GRN,DAG1,PTPRK,FOXO3,TPM1,CPNE3,PTK2,ARID4B,DUSP3,STAT3"
"Regulation Of Cell Population Proliferation (GO:0042127)",1.46619179034301,0.292860345897353,58,"GSK-690693","ERBB3,SOX4,IGF1R,EGFR,DNAJB2,TJP1,APP,ADAM10,STAT5B,EAPP,CDKN1B,ERBB2,CAPN1,ID2,PTPRK,PTK2,CHERP,SMAD3,GATA3"
"Regulation Of Cellular Component Organization (GO:0051128)",-0.731966601028402,0.918914579319204,10,"GSK-690693","HSPA8,ATF5"
"Regulation Of Cold-Induced Thermogenesis (GO:0120161)",1.10504847385634,0.751374312843578,10,"GSK-690693","IGF1R,KDM3A,GRB10,NR1H2,SMARCA4,MUC1"
"Regulation Of Cyclin-Dependent Protein Serine/Threonine Kinase Activity (GO:0000079)",-0.760454668410283,0.900082850041425,12,"GSK-690693","MNAT1,PSMD10,GADD45A,CCND3"
"Regulation Of DNA Repair (GO:0006282)",-0.768833925102089,0.900082850041425,11,"GSK-690693","PCNA,RUVBL1"
"Regulation Of DNA-templated Transcription (GO:0006355)",-1.05000324113445,0.756177053512442,93,"GSK-690693","MRPL12,HSPA8,RRP8,JMJD6,EED,HDAC2,FOSL1,TRIB3,RUVBL1,MNAT1,NFIL3,RELB,POLR2K,PRR7,PSMD10,ATF5,ZNF274,PPIE,ATF6"
"Regulation Of ERK1 And ERK2 Cascade (GO:0070372)",1.32211442614499,0.550864197530864,17,"GSK-690693","EGFR,DUSP4,DDR1,APP,ERBB2,CD44"
"Regulation Of G1/S Transition Of Mitotic Cell Cycle (GO:2000045)",-0.695143628817832,0.942583041056323,19,"GSK-690693","CCL2,MNAT1,PSME2,BCL7B,RB1,EIF4G1,PSME1,TFDP1"
"Regulation Of GTPase Activity (GO:0043087)",1.01653048032291,0.780684104627767,12,"GSK-690693","GNB5,VAV3,ERBB2,RALGDS,PTK2"
"Regulation Of Gene Expression (GO:0010468)",1.06308415137559,0.751374312843578,57,"GSK-690693","SOX4,NR3C1,APP,TIPARP,TLE1,ADAM10,MBNL2,KAT6A,KAT6B,NFE2L2,ID2,HMG20B,SMAD3,GATA3,ZNF131,EGR1,STAT3,MBNL1,USP22,RRP1B,HSPA1B,HSPA1A,PIN1,NFKB2,TFAP2A"
"Regulation Of I-kappaB kinase/NF-kappaB Signaling (GO:0043122)",-0.681438535266925,0.944203024508952,21,"GSK-690693","RHOA,GOLT1B,TRIM13,HSPB1,S100A4,TSPAN6"
"Regulation Of Inflammatory Response (GO:0050727)",0.669804155360917,0.942583041056323,10,"GSK-690693","APP,GRN,GATA3,STAT3"
"Regulation Of Intracellular Signal Transduction (GO:1902531)",0.931327650685178,0.838163816381638,16,"GSK-690693","EGFR,VAV3,KAT6A,ARHGAP1,ARHGEF12"
"Regulation Of MAPK Cascade (GO:0043408)",1.72432214632,0.182039231980602,12,"GSK-690693","IGF1R,EGFR,DUSP4,DAG1,IQGAP1,ERBB2"
"Regulation Of Macroautophagy (GO:0016241)",1.03859203774729,0.780684104627767,11,"GSK-690693","BNIP3L,CAPN1"
"Regulation Of Macromolecule Metabolic Process (GO:0060255)",0.965932910827916,0.780684104627767,10,"GSK-690693","APP,HMG20B"
"Regulation Of Mitotic Cell Cycle (GO:0007346)",0.969704155001646,0.780684104627767,12,"GSK-690693","APP,CDKN1B,IQGAP1,DUSP3,USP22,CDC25B,PIN1"
"Regulation Of Mitotic Cell Cycle Phase Transition (GO:1901990)",0.592425557119194,0.962000868055556,15,"GSK-690693","CDKN1B,SMARCD2,ID2"
"Regulation Of Neuron Apoptotic Process (GO:0043523)",1.21252726659868,0.661693749653375,12,"GSK-690693","ERBB3,GRN,TRIM2,FOXO3"
"Regulation Of Nucleic Acid-Templated Transcription (GO:1903506)",-0.758172197036232,0.924877511698321,24,"GSK-690693","RUVBL1,NFIL3,ATF5,ZNF274,PPIE,MYCBP,RB1,ZNF395,VPS72,MTF2"
"Regulation Of Phosphorylation (GO:0042325)",1.55295691905834,0.420368364030336,10,"GSK-690693","EGFR,IKBKB,APP,CDKN1B,PTK2"
"Regulation Of Programmed Cell Death (GO:0043067)",-0.83688751079995,0.900082850041425,18,"GSK-690693","RUVBL1,DFFA,TMEM109"
"Regulation Of Proteasomal Ubiquitin-Dependent Protein Catabolic Process (GO:0032434)",-1.01761056421988,0.780684104627767,13,"GSK-690693","STUB1,TRIB3,TRIB1,PSMD10"
"Regulation Of Protein Binding (GO:0043393)",0.810719087832585,0.900082850041425,13,"GSK-690693","DNAJB2,APP"
"Regulation Of Protein Catabolic Process (GO:0042176)",1.5384522333623,0.420368364030336,11,"GSK-690693","EGFR,VGLL4,TIPARP,CDKN1B,VPS28"
"Regulation Of Protein Kinase Activity (GO:0045859)",-1.21576101810125,0.651207193890121,11,"GSK-690693","TRIB3,TRIB1,ITGB1BP1,HSPB1,RB1"
"Regulation Of Protein Metabolic Process (GO:0051246)",-0.812657996239715,0.900082850041425,11,"GSK-690693","NOLC1,NFKBIA,EIF4G1,APOE,MAPKAPK5"
"Regulation Of Protein Phosphorylation (GO:0001932)",1.07270852733739,0.756177053512442,16,"GSK-690693","EGFR,APP,ERBB2,PTK2"
"Regulation Of Protein Serine/Threonine Kinase Activity (GO:0071900)",-1.6701887650966,0.182039231980602,20,"GSK-690693","RHOA,TRIB3,MNAT1,TRIB1,CALM3,CALM1,CALM2,GADD45A,CCND3,RB1,RALB"
"Regulation Of Protein Ubiquitination (GO:0031396)",1.02741414532239,0.780684104627767,12,"GSK-690693","SOX4,DNAJB2"
"Regulation Of Signal Transduction (GO:0009966)",1.16673512001891,0.711019042307386,12,"GSK-690693","ERBB3,APP,SOCS2"
"Regulation Of Transcription By RNA Polymerase II (GO:0006357)",-0.959979805632702,0.838163816381638,90,"GSK-690693","JMJD6,EED,HDAC2,FOSL1,TRIB3,RUVBL1,GTF2A2,MNAT1,TCERG1,NFKBIA,NRIP1,NFIL3,RELB,PSMD10,ATF5,ZNF274,ATF6,ITGB1BP1"
"Regulation Of Transforming Growth Factor Beta Receptor Signaling Pathway (GO:0017015)",-1.26269410590513,0.613305541080424,10,"GSK-690693","HDAC2,STUB1"
"Regulation Of Translation (GO:0006417)",0.808565486817916,0.900082850041425,17,"GSK-690693","SOX4,APP,TRIM2,ERBB2,FOXO3"
"Regulation Of miRNA Transcription (GO:1902893)",1.18128784951284,0.661693749653375,15,"GSK-690693","NR3C1,EGFR,FOXO3,SMAD3,GATA3,EGR1,STAT3,SMARCA4"
"Response To Cytokine (GO:0034097)",-0.998945084107738,0.780684104627767,10,"GSK-690693","RHOA,RELB"
"Response To Endoplasmic Reticulum Stress (GO:0034976)",0.874537850289809,0.863390092879257,13,"GSK-690693","MBTPS1,ERO1A"
"Response To Lipopolysaccharide (GO:0032496)",-1.35130424242725,0.550864197530864,12,"GSK-690693","RHOA,CCL2,TRIB1"
"Response To Reactive Oxygen Species (GO:0000302)",1.34066426039455,0.550864197530864,12,"GSK-690693","EGFR,STK25,PTPRK,TPM1,HMOX1"
"Response To Tumor Necrosis Factor (GO:0034612)",-0.760718437178724,0.900082850041425,11,"GSK-690693","CCL2,NFKBIA"
"Response To UV (GO:0009411)",0.972353008491021,0.780684104627767,13,"GSK-690693","EGFR,USP1,PTPRK"
"Response To Unfolded Protein (GO:0006986)",-1.44336611828782,0.432127882599581,11,"GSK-690693","HSPA8,HSPD1"
"Ribosome Biogenesis (GO:0042254)",-0.923605126649341,0.856665473206827,11,"GSK-690693","NOLC1,GRWD1,RRS1,RPS6,EXOSC4"
"Small GTPase Mediated Signal Transduction (GO:0007264)",-1.002451014646,0.780684104627767,15,"GSK-690693","ARFIP2,HACD3,NRAS,RB1,RALB,NUCB2,MAPKAPK5"
"Supramolecular Fiber Organization (GO:0097435)",0.751868164404328,0.921343721444717,16,"GSK-690693","FAT1,APP,TPM1,PLOD3"
"Transcription By RNA Polymerase II (GO:0006366)",-1.30265995509851,0.550864197530864,14,"GSK-690693","GTF2A2,MNAT1,POLR2I,POLR2K,GTF2E2"
"Transmembrane Receptor Protein Tyrosine Kinase Signaling Pathway (GO:0007169)",1.50398382460494,0.292860345897353,23,"GSK-690693","ERBB3,MVP,IGF1R,EGFR,DDR1,SOCS2,ERBB2,MPZL1"
"Ubiquitin-Dependent Protein Catabolic Process (GO:0006511)",0.848961314881855,0.900082850041425,28,"GSK-690693","KEAP1,KLHDC2,TRIM2,NFE2L2,VPS28,CNOT4,APPBP2,FBXO7"
"Vesicle-Mediated Transport (GO:0016192)",0.851263933590186,0.900082850041425,16,"GSK-690693","CYTH1,APP,ARHGAP1"
"Wound Healing (GO:0042060)",1.78261987830617,0.199426920395911,10,"GSK-690693","ERBB3,MACF1,PRCP,ERBB2,TPM1,SMAD3,HMOX1"
"mRNA Processing (GO:0006397)",-1.08048867415015,0.756177053512442,13,"GSK-690693","HSPA8,LSM6,TCERG1,PPIE"
"mRNA Splicing, Via Spliceosome (GO:0000398)",-1.52705173472161,0.394077039323288,11,"GSK-690693","HSPA8,PUF60,LSM6,PPIE"
"ATP Metabolic Process (GO:0046034)",-1.25785740108476,0.47561853351327,10,"QL-XII-47 + GSK-690693","HSPA8,BAD,PARP1,ALDOA,ATP1B1"
"Apoptotic Process (GO:0006915)",-0.955817461707267,0.692030164930556,23,"QL-XII-47 + GSK-690693","DDIT4,HSPD1,BAD,BNIP3,PARP1,AKT1,VDAC1"
"Cellular Component Assembly (GO:0022607)",-0.902687514908069,0.746153846153846,11,"QL-XII-47 + GSK-690693","RHOA,BECN1"
"Cellular Response To Cytokine Stimulus (GO:0071345)",0.830252618306851,0.823514278363777,22,"QL-XII-47 + GSK-690693","ZFP36,EGR1,GATA3,IKBKB,HIF1A,NFE2L2,STAT3"
"Cellular Response To Decreased Oxygen Levels (GO:0036294)",1.16496398993272,0.505268599149072,10,"QL-XII-47 + GSK-690693","MYC,HMOX1"
"Cellular Response To Growth Factor Stimulus (GO:0071363)",1.29810064794204,0.417826375082836,21,"QL-XII-47 + GSK-690693","EGFR,NR3C1,ZFP36,SMAD3,PTPN12"
"Cellular Response To Hypoxia (GO:0071456)",1.16496398993272,0.505268599149072,10,"QL-XII-47 + GSK-690693","MYC,HMOX1"
"Cellular Response To Insulin Stimulus (GO:0032869)",-0.777787604247544,0.854868828566223,10,"QL-XII-47 + GSK-690693","PARP1,TRIB3,AKT1"
"Cellular Response To Lipid (GO:0071396)",1.35064879407256,0.369750187189436,17,"QL-XII-47 + GSK-690693","EGFR,NR3C1,NCOA3,ZFP36"
"Cellular Response To Metal Ion (GO:0071248)",1.17746588927207,0.505268599149072,12,"QL-XII-47 + GSK-690693","EGFR,JUN,TFAP2A,CDKN1B,IQGAP1"
"Cellular Response To Organic Cyclic Compound (GO:0071407)",1.64443763893709,0.176661202363157,14,"QL-XII-47 + GSK-690693","EGFR,NR3C1,NCOA3,TIPARP,EGR1"
"Cellular Response To Oxidative Stress (GO:0034599)",1.56545722346704,0.190589465714949,19,"QL-XII-47 + GSK-690693","EGFR,HMOX1,FOXO3,KEAP1,JUN,HIF1A,STX4,NFE2L2,PTPRK,SQSTM1,HSPA1B,HSPA1A"
"Cellular Response To Oxygen-Containing Compound (GO:1901701)",1.5168765457666,0.176661202363157,26,"QL-XII-47 + GSK-690693","EGFR,NCOA3,ZFP36,EGR1,CXCL2,JUN,CDKN1B,IQGAP1,CREB1,PTPRK,SQSTM1,TICAM1"
"Cellular Response To Reactive Oxygen Species (GO:0034614)",1.40660773911132,0.329410835571,10,"QL-XII-47 + GSK-690693","EGFR,JUN,NFE2L2,PTPRK,SQSTM1"
"Cellular Response To Starvation (GO:0009267)",-0.871077980639515,0.79915386328212,10,"QL-XII-47 + GSK-690693","HSPA8,BECN1"
"Cellular Response To Tumor Necrosis Factor (GO:0071356)",1.2394380403871,0.47561853351327,15,"QL-XII-47 + GSK-690693","ZFP36,FOXO3,BIRC2,GATA3,IKBKB"
"Chromatin Organization (GO:0006325)",1.1389408803995,0.529448644661626,20,"QL-XII-47 + GSK-690693","MYC,KDM5A,KDM5B,KAT6B"
"Chromatin Remodeling (GO:0006338)",1.36192236481349,0.350636205899364,17,"QL-XII-47 + GSK-690693","MYC,KDM5A,KDM5B"
"Cytokine-Mediated Signaling Pathway (GO:0019221)",1.31809399740927,0.398404036847973,17,"QL-XII-47 + GSK-690693","FOXO3,EGR1,BIRC2,CXCL2,IKBKB"
"DNA Damage Response (GO:0006974)",1.13935702346856,0.509558920095308,26,"QL-XII-47 + GSK-690693","MYC,GADD45A,CDKN1A"
"DNA Metabolic Process (GO:0006259)",-0.8439317771806,0.823514278363777,19,"QL-XII-47 + GSK-690693","SMC1A,RUVBL1,PARP1,PNKP,MCM3,GRWD1,UBE2A,MNAT1"
"DNA Repair (GO:0006281)",-1.00827765174018,0.656403796578392,19,"QL-XII-47 + GSK-690693","PCNA,SMC1A,PARP1,PNKP,UBE2A,MNAT1,CHEK2,RAD51C"
"DNA-templated Transcription (GO:0006351)",-1.13127636827711,0.509558920095308,20,"QL-XII-47 + GSK-690693","MRPL12,GTF2A2,TFDP1,PARP1,POLR2K,POLR2I,GTF2E2"
"Defense Response To Virus (GO:0051607)",-1.33780838840475,0.37975225569659,11,"QL-XII-47 + GSK-690693","DDIT4,BNIP3"
"Endomembrane System Organization (GO:0010256)",-1.2331761254935,0.47561853351327,11,"QL-XII-47 + GSK-690693","VAPB,REEP5,TMED10,TOR1A"
"Establishment Of Protein Localization To Mitochondrion (GO:0072655)",-1.26384845755967,0.464513442469354,10,"QL-XII-47 + GSK-690693","HSPD1,AKT1,FIS1"
"Gene Expression (GO:0010467)",-1.14233563117816,0.509558920095308,19,"QL-XII-47 + GSK-690693","MRPL12,STUB1,HSPD1,EXOSC4,NUP88,MRPS16,RPS5,EIF4G1"
"Inflammatory Response (GO:0006954)",1.48141554540549,0.326003456884963,11,"QL-XII-47 + GSK-690693","GATA3,RELB,CXCL2,IKBKB,CD44,STAT3,NFKB2,FOS"
"Intracellular Protein Transport (GO:0006886)",0.752648709998744,0.895684175309468,23,"QL-XII-47 + GSK-690693","VPS28,STX1A,STX4,CTTN,STAT3,RAB21"
"Intrinsic Apoptotic Signaling Pathway (GO:0097193)",-0.939044255692082,0.717243419106773,14,"QL-XII-47 + GSK-690693","BAD,BNIP3,TRIB3,CYCS"
"Membrane Organization (GO:0061024)",-0.937594462461597,0.717243419106773,10,"QL-XII-47 + GSK-690693","HSPA8,VAPB,REEP5,TOR1A"
"Mitochondrial Transport (GO:0006839)",-0.891801214713809,0.746153846153846,13,"QL-XII-47 + GSK-690693","BAD,BNIP3,FIS1"
"Mitochondrion Organization (GO:0007005)",-1.46033413051945,0.308505181081358,21,"QL-XII-47 + GSK-690693","HSPD1,BNIP3,PARP1,YME1L1,FIS1,MTFR1,HSD17B10,SLC25A4,DNM1L"
"Mitotic Cell Cycle Phase Transition (GO:0044772)",1.08496436104614,0.560884353741497,13,"QL-XII-47 + GSK-690693","MYC,CDKN1A,CHMP4A,CDKN1B"
"Mitotic Sister Chromatid Segregation (GO:0000070)",-1.22815894095161,0.47561853351327,10,"QL-XII-47 + GSK-690693","RHOA,BECN1,SMC1A"
"Modification-Dependent Protein Catabolic Process (GO:0019941)",-0.825113790002736,0.823514278363777,14,"QL-XII-47 + GSK-690693","STUB1,UBE2L6"
"Negative Regulation Of Apoptotic Process (GO:0043066)",1.15968236402259,0.483283665487055,47,"QL-XII-47 + GSK-690693","EGFR,MYC,IGF1R,ERBB3,BIRC2,FHL2,TFAP2A,SOCS2,TLE1,CD44,UFM1,ATF5,TJP1,HSPA1B,HSPA1A"
"Negative Regulation Of Apoptotic Signaling Pathway (GO:2001234)",-0.77639187225295,0.854868828566223,10,"QL-XII-47 + GSK-690693","PSMD10,AKT1,SLC25A4"
"Negative Regulation Of Binding (GO:0051100)",1.02783040554499,0.621681010803882,11,"QL-XII-47 + GSK-690693","DNAJB2,CDKN1A,JUN,CSNK1E"
"Negative Regulation Of Cell Cycle (GO:0045786)",1.34102570731618,0.37975225569659,10,"QL-XII-47 + GSK-690693","CDKN1A,GATA3,CDKN1B,PTPRK"
"Negative Regulation Of Cell Death (GO:0060548)",-1.17946215421092,0.505268599149072,10,"QL-XII-47 + GSK-690693","BECN1,TMEM109,BNIP3,AKT1"
"Negative Regulation Of Cell Differentiation (GO:0045596)",1.50440543220505,0.326003456884963,17,"QL-XII-47 + GSK-690693","EGFR,SOX4,GATA3,SMAD3,CCDC85B"
"Negative Regulation Of Cell Growth (GO:0030308)",1.67102809193093,0.17521600532461,13,"QL-XII-47 + GSK-690693","DNAJB2,CDKN1A,SMAD3,CCDC85B,CDKN1B,HSPA1B,HSPA1A"
"Negative Regulation Of Cell Migration (GO:0030336)",1.05093479375036,0.580385015608741,14,"QL-XII-47 + GSK-690693","HMOX1,FOXO3,ARID4B"
"Negative Regulation Of Cell Motility (GO:2000146)",0.891883869112058,0.746153846153846,12,"QL-XII-47 + GSK-690693","FOXO3,ARID4B,GATA3"
"Negative Regulation Of Cell Population Proliferation (GO:0008285)",1.90441215529062,0.0300191313861212,28,"QL-XII-47 + GSK-690693","MYC,HMOX1,DNAJB2,CDKN1A,SOX4,GATA3,SMAD3,CHERP,TFAP2A,APP,CDKN1B,PTPRK,ATF5,HSPA1B,HSPA1A"
"Negative Regulation Of Cellular Process (GO:0048523)",1.7050850131683,0.0497400703973979,40,"QL-XII-47 + GSK-690693","MYC,DNAJB2,ERBB3,CDKN1A,SOX4,GATA3,SMAD3,CHMP4A,CCDC85B,CHERP,TFAP2A,APP,CDKN1B,PTPRK,ATF5,HSPA1B,HSPA1A"
"Negative Regulation Of DNA-binding Transcription Factor Activity (GO:0043433)",0.782464295284338,0.837662789887875,12,"QL-XII-47 + GSK-690693","KEAP1,NFKBIE,USP7,BHLHE40"
"Negative Regulation Of DNA-templated Transcription (GO:0045892)",1.91103894920682,0.00552077117405646,65,"QL-XII-47 + GSK-690693","MYC,NR3C1,ZFP36,GADD45A,FOXO3,ARID4B,KAT6A,SOX4,GATA3,KAT6B,DRAP1,FHL2,SMAD3,ARID5B,RBM15B,CCDC85B,JUN,ZNF131,TFAP2A,HIF1A,CDKN1B,CREB1,BHLHE40,PTPRK,TLE1,STAT3,ATF5,ZNF274,HSPA1A,SPEN"
"Negative Regulation Of Gene Expression (GO:0010629)",1.21749134543735,0.47561853351327,23,"QL-XII-47 + GSK-690693","TIPARP,ZFP36,SMAD3,APP,HIF1A,STAT3,HSPA1B,HSPA1A,TRIM2,LGMN"
"Negative Regulation Of Growth (GO:0045926)",1.67102809193093,0.17521600532461,13,"QL-XII-47 + GSK-690693","DNAJB2,CDKN1A,SMAD3,CCDC85B,CDKN1B,HSPA1B,HSPA1A"
"Negative Regulation Of Intracellular Signal Transduction (GO:1902532)",-1.11257645684278,0.54987315195521,17,"QL-XII-47 + GSK-690693","DDIT4,DAG1"
"Negative Regulation Of MAPK Cascade (GO:0043409)",1.36355846673691,0.37975225569659,13,"QL-XII-47 + GSK-690693","MYC,IGF1R,DUSP6"
"Negative Regulation Of Macromolecule Metabolic Process (GO:0010605)",1.13327151908676,0.509558920095308,15,"QL-XII-47 + GSK-690693","TIPARP,SMAD3,APP,HIF1A,STAT3"
"Negative Regulation Of Multicellular Organismal Process (GO:0051241)",1.21757632481166,0.47561853351327,12,"QL-XII-47 + GSK-690693","EGFR,ARID4B,GATA3"
"Negative Regulation Of Neuron Death (GO:1901215)",0.676398367569966,0.920669531199897,10,"QL-XII-47 + GSK-690693","ERBB3"
"Negative Regulation Of Nucleic Acid-Templated Transcription (GO:1903507)",1.23303925098621,0.417826375082836,35,"QL-XII-47 + GSK-690693","NR3C1,KAT6A,GATA3,KAT6B,ARID5B,RBM15B,CCDC85B,JUN,TFAP2A,CDKN1B,BHLHE40,PTPRK,TLE1,ATF5,SPEN"
"Negative Regulation Of Programmed Cell Death (GO:0043069)",1.11372585442239,0.505268599149072,39,"QL-XII-47 + GSK-690693","EGFR,MYC,IGF1R,ERBB3,BIRC2,FHL2,TFAP2A,SOCS2,CD44,UFM1,ATF5,TJP1,HSPA1B,HSPA1A"
"Negative Regulation Of Protein Binding (GO:0032091)",1.07267643064477,0.575367467327184,10,"QL-XII-47 + GSK-690693","DNAJB2,CDKN1A"
"Negative Regulation Of Protein Kinase Activity (GO:0006469)",1.07203004594342,0.560884353741497,14,"QL-XII-47 + GSK-690693","GADD45A,CDKN1A,MVP"
"Negative Regulation Of Protein Phosphorylation (GO:0001933)",-1.20535079675757,0.47561853351327,17,"QL-XII-47 + GSK-690693","HSPB1,CALM3,CALM1,CALM2,ITGB1BP1,TRIB3,AKT1"
"Negative Regulation Of Protein Serine/Threonine Kinase Activity (GO:0071901)",1.392188948573,0.339716840536513,10,"QL-XII-47 + GSK-690693","GADD45A,CDKN1A,CDKN1B"
"Negative Regulation Of Response To External Stimulus (GO:0032102)",-0.902881843487091,0.746153846153846,10,"QL-XII-47 + GSK-690693","CASK,PARP1,AKT1"
"Negative Regulation Of Signal Transduction (GO:0009968)",1.02806725663867,0.609714285714286,19,"QL-XII-47 + GSK-690693","ERBB3,GATA3,PTPN12"
"Negative Regulation Of Transcription By RNA Polymerase II (GO:0000122)",1.84119161232166,0.0128537284517734,46,"QL-XII-47 + GSK-690693","MYC,NR3C1,ZFP36,GADD45A,FOXO3,ARID4B,ZNF451,SOX4,GATA3,DRAP1,FHL2,SMAD3,ARID5B,JUN,ZNF131,TFAP2A,BHLHE40,STAT3,ZNF274,HSPA1A,SPEN"
"Nervous System Development (GO:0007399)",1.43536292843199,0.329410835571,11,"QL-XII-47 + GSK-690693","EGFR,ERBB3,SOX4,CHERP,APP,STAT3"
"Organelle Organization (GO:0006996)",-0.975126263391442,0.683098591549296,26,"QL-XII-47 + GSK-690693","HAT1,VAPB,REEP5,TMED10,TOR1A,PARP1,CCL2,YME1L1"
"Peptidyl-Serine Modification (GO:0018209)",1.22981693272164,0.47561853351327,12,"QL-XII-47 + GSK-690693","IKBKB,CSNK1A1,CAB39,CSNK1E,TLK2,CSNK2A2"
"Peptidyl-Serine Phosphorylation (GO:0018105)",1.22981693272164,0.47561853351327,12,"QL-XII-47 + GSK-690693","IKBKB,CSNK1A1,CAB39,CSNK1E,TLK2,CSNK2A2"
"Phosphorylation (GO:0016310)",0.688792185678127,0.951348561104659,25,"QL-XII-47 + GSK-690693","IKBKB,STK25,APP,CSNK1A1,CREB1,STAT3,CSNK1E"
"Positive Regulation Of Apoptotic Process (GO:0043065)",1.52451427272476,0.294026693890921,29,"QL-XII-47 + GSK-690693","GADD45B,GADD45A,FOXO3,DUSP6,SOX4,CASP3,CTSL,JUN,TFAP2A,PMAIP1,SQSTM1"
"Positive Regulation Of Autophagy (GO:0010508)",-0.987697266105499,0.683098591549296,11,"QL-XII-47 + GSK-690693","BECN1,BAD,BNIP3"
"Positive Regulation Of Cell Cycle (GO:0045787)",0.801428803400329,0.834828785936642,11,"QL-XII-47 + GSK-690693","EGFR"
"Positive Regulation Of Cell Differentiation (GO:0045597)",1.01439839668572,0.629286376274328,12,"QL-XII-47 + GSK-690693","ZFP36,SOX4,SMAD3,CREB1"
"Positive Regulation Of Cell Growth (GO:0030307)",0.977243500805754,0.656403796578392,12,"QL-XII-47 + GSK-690693","EGFR"
"Positive Regulation Of Cell Migration (GO:0030335)",1.47616484783761,0.329410835571,17,"QL-XII-47 + GSK-690693","EGFR,IGF1R,SYNE2,HIF1A,STX4,STAT3,TJP1"
"Positive Regulation Of Cell Motility (GO:2000147)",1.42903109038104,0.329410835571,15,"QL-XII-47 + GSK-690693","EGFR,IGF1R,SYNE2,STX4,STAT3,TJP1"
"Positive Regulation Of Cell Population Proliferation (GO:0008284)",1.61615217434955,0.173470486816769,38,"QL-XII-47 + GSK-690693","EGFR,MYC,HMOX1,IGF1R,ERBB3,CDKN1A,SOX4,EAPP,FOSL1"
"Positive Regulation Of Cellular Biosynthetic Process (GO:0031328)",1.17539561211345,0.505268599149072,14,"QL-XII-47 + GSK-690693","EGR1,SOX4,SMAD3,YTHDF1,HIF1A"
"Positive Regulation Of Cellular Catabolic Process (GO:0031331)",-0.835320980104294,0.812016407754218,15,"QL-XII-47 + GSK-690693","BECN1,BAD,BNIP3"
"Positive Regulation Of Cellular Process (GO:0048522)",1.41740508678432,0.308505181081358,41,"QL-XII-47 + GSK-690693","EGFR,MYC,IGF1R,ZFP36,ERBB3,SOX4,EAPP,FOSL1"
"Positive Regulation Of Cysteine-Type Endopeptidase Activity Involved In Apoptotic Process (GO:0043280)",-0.71931876693599,0.89292741953724,11,"QL-XII-47 + GSK-690693","HSPD1,BAD,CYCS,FIS1"
"Positive Regulation Of Cytokine Production (GO:0001819)",1.26346601672266,0.448323866800312,16,"QL-XII-47 + GSK-690693","HMOX1,EGR1,GATA3,APP,HIF1A,STAT3,TICAM1,HSPA1B,HSPA1A"
"Positive Regulation Of DNA-binding Transcription Factor Activity (GO:0051091)",1.43933063732026,0.323535543047738,16,"QL-XII-47 + GSK-690693","TERF2IP,SMAD3,IKBKB,ARID5B,APP,STAT3,TICAM1,HSPA1B,HSPA1A"
"Positive Regulation Of DNA-templated Transcription (GO:0045893)",1.75098711485104,0.0218403895124067,72,"QL-XII-47 + GSK-690693","EGFR,MYC,NR3C1,NCOA3,KDM5A,FOXO3,EGR1,KDM3A,KAT6A,SOX4,GATA3,KAT6B,FOXJ3,RELB,SMAD3,IKBKB,FOSL1,JUN,TFAP2A,APP,HIF1A,AKAP8L,CREB1,NFE2L2,SQSTM1,STAT3,ATF5,JMJD6"
"Positive Regulation Of Developmental Process (GO:0051094)",-0.900086395092756,0.746153846153846,14,"QL-XII-47 + GSK-690693","DAG1,HDAC2,BNIP3,FIS1"
"Positive Regulation Of Gene Expression (GO:0010628)",1.46007283082795,0.294026693890921,28,"QL-XII-47 + GSK-690693","MYC,EGR1,SOX4,SMAD3,YTHDF1,TFAP2A,APP,HIF1A,NFE2L2,TLE1,STAT3,TICAM1,HSPA1B,HSPA1A"
"Positive Regulation Of Hydrolase Activity (GO:0051345)",-1.61974754714417,0.17521600532461,12,"QL-XII-47 + GSK-690693","RHOA,CALM3,CALM1,CALM2,CCL2"
"Positive Regulation Of I-kappaB kinase/NF-kappaB Signaling (GO:0043123)",1.03217369166121,0.580385015608741,17,"QL-XII-47 + GSK-690693","HMOX1,TERF2IP,BIRC2,IKBKB"
"Positive Regulation Of Intracellular Signal Transduction (GO:1902533)",1.31073800144773,0.339716840536513,38,"QL-XII-47 + GSK-690693","EGFR,HMOX1,IGF1R,ERBB3,TERF2IP,BIRC2,GATA3,IKBKB,APP,IQGAP1,PMAIP1,TICAM1,DDR1"
"Positive Regulation Of Kinase Activity (GO:0033674)",1.8873848670143,0.0374478742913695,10,"QL-XII-47 + GSK-690693","EGFR,IGF1R,ERBB3,CDKN1A"
"Positive Regulation Of MAPK Cascade (GO:0043410)",1.62413886550136,0.190589465714949,14,"QL-XII-47 + GSK-690693","EGFR,IGF1R,STK25,APP,IQGAP1,CD44,DDR1"
"Positive Regulation Of Macromolecule Metabolic Process (GO:0010604)",1.33849525147236,0.369750187189436,23,"QL-XII-47 + GSK-690693","MYC,EGR1,SMAD3,TFAP2A,APP,HIF1A,NFE2L2,TLE1,STAT3,TICAM1,HSPA1B,HSPA1A"
"Positive Regulation Of Mitochondrion Organization (GO:0010822)",-1.1140589875476,0.54987315195521,11,"QL-XII-47 + GSK-690693","BAD,BNIP3,FIS1,DNM1L,ZDHHC6"
"Positive Regulation Of Multicellular Organismal Process (GO:0051240)",1.4845867454599,0.221270820418799,21,"QL-XII-47 + GSK-690693","NCOA3,IGF1R,KDM3A,ARID4B,SMAD3"
"Positive Regulation Of NF-kappaB Transcription Factor Activity (GO:0051092)",1.79349533007021,0.08192246622293,10,"QL-XII-47 + GSK-690693","TERF2IP,IKBKB,APP,STAT3,TICAM1,HSPA1B,HSPA1A"
"Positive Regulation Of Nucleic Acid-Templated Transcription (GO:1903508)",1.74518282680972,0.0456611325696707,42,"QL-XII-47 + GSK-690693","EGFR,MYC,KDM5A,FOXO3,EGR1,KDM3A,KAT6A,SOX4,GATA3,KAT6B,SMAD3,IKBKB,JUN,TFAP2A,HIF1A,CREB1"
"Positive Regulation Of Phosphorylation (GO:0042327)",1.70933948046942,0.174859995162584,17,"QL-XII-47 + GSK-690693","EGFR,IGF1R,ERBB3,CDKN1A"
"Positive Regulation Of Programmed Cell Death (GO:0043068)",1.37697873528109,0.329410835571,26,"QL-XII-47 + GSK-690693","GADD45B,GADD45A,FOXO3,DUSP6,SOX4,CASP3,JUN,PMAIP1,SQSTM1,CTSD"
"Positive Regulation Of Proteasomal Protein Catabolic Process (GO:1901800)",1.00471554577271,0.63770433546553,10,"QL-XII-47 + GSK-690693","DNAJB2,KEAP1,CSNK1A1,CSNK1E,HSPA1B,HSPA1A"
"Positive Regulation Of Proteasomal Ubiquitin-Dependent Protein Catabolic Process (GO:0032436)",1.10928012871373,0.54987315195521,13,"QL-XII-47 + GSK-690693","DNAJB2,KEAP1,CSNK1A1,NFE2L2,CSNK1E,HSPA1B,HSPA1A"
"Positive Regulation Of Protein Kinase Activity (GO:0045860)",0.975641443542789,0.668935560431687,15,"QL-XII-47 + GSK-690693","EGR1,ERBB3,CDKN1A"
"Positive Regulation Of Protein Metabolic Process (GO:0051247)",0.951662886657524,0.683098591549296,18,"QL-XII-47 + GSK-690693","TIPARP,SOX4,VPS28,YTHDF1,APP,CDKN1B"
"Positive Regulation Of Protein Modification Process (GO:0031401)",1.15993173125111,0.509558920095308,20,"QL-XII-47 + GSK-690693","EGFR,EGR1,CDKN1A"
"Positive Regulation Of Protein Phosphorylation (GO:0001934)",0.902689710223865,0.746153846153846,23,"QL-XII-47 + GSK-690693","EGFR,CDKN1A,APP,IQGAP1,CAB39,CD44"
"Positive Regulation Of Protein Serine/Threonine Kinase Activity (GO:0071902)",-1.19464904705659,0.505268599149072,14,"QL-XII-47 + GSK-690693","RHOA,CALM3,CALM1,CALM2,PSMD10,AKT1"
"Positive Regulation Of Signal Transduction (GO:0009967)",1.10252648330136,0.554113003739094,12,"QL-XII-47 + GSK-690693","GATA3,CTSL,HIF1A,STAT3"
"Positive Regulation Of Transcription By RNA Polymerase II (GO:0045944)",1.89233904364876,0.012101814552181,52,"QL-XII-47 + GSK-690693","EGFR,MYC,NR3C1,NCOA3,FOXO3,EGR1,SOX4,GATA3,FOXJ3,RELB,SMAD3,EAPP,IKBKB,JUN,TFAP2A,APP,HIF1A,AKAP8L,CREB1,NFE2L2,SQSTM1,STAT3,ATF5,JMJD6"
"Positive Regulation Of Transferase Activity (GO:0051347)",1.4651298830406,0.329410835571,13,"QL-XII-47 + GSK-690693","EGFR,MYC,IGF1R,ERBB3"
"Positive Regulation Of Ubiquitin-Dependent Protein Catabolic Process (GO:2000060)",0.978120461663895,0.677992696565103,11,"QL-XII-47 + GSK-690693","DNAJB2,KEAP1,CSNK1A1,CSNK1E,HSPA1B,HSPA1A"
"Positive Regulation Of miRNA Metabolic Process (GO:2000630)",2.08948808994812,0.00552077117405646,14,"QL-XII-47 + GSK-690693","EGFR,MYC,NR3C1,FOXO3,EGR1,GATA3,SMAD3,FOSL1,JUN,HIF1A"
"Positive Regulation Of miRNA Transcription (GO:1902895)",2.08948808994812,0.00552077117405646,14,"QL-XII-47 + GSK-690693","EGFR,MYC,NR3C1,FOXO3,EGR1,GATA3,SMAD3,FOSL1,JUN,HIF1A"
"Proteasomal Protein Catabolic Process (GO:0010498)",1.22009550073284,0.47561853351327,17,"QL-XII-47 + GSK-690693","KCTD5,BIRC2,APPBP2,KLHDC2,CSNK1A1,NFE2L2,PMAIP1"
"Proteasome-Mediated Ubiquitin-Dependent Protein Catabolic Process (GO:0043161)",1.40695740114594,0.329410835571,21,"QL-XII-47 + GSK-690693","DNAJB2,KCTD5,BIRC2,APPBP2,KLHDC2,CSNK1A1,NFE2L2"
"Protein Autophosphorylation (GO:0046777)",1.36724544293388,0.37975225569659,13,"QL-XII-47 + GSK-690693","EGFR,IGF1R,STK25"
"Protein Catabolic Process (GO:0030163)",-0.823557167761776,0.823514278363777,14,"QL-XII-47 + GSK-690693","HSPA8,BNIP3,YME1L1"
"Protein Dephosphorylation (GO:0006470)",1.43360835561712,0.329410835571,11,"QL-XII-47 + GSK-690693","DUSP6,PTPN12,PTPRK,PPP2R5E,PPP2R5A,DUSP11,DUSP3"
"Protein Localization (GO:0008104)",1.37855210764019,0.329410835571,24,"QL-XII-47 + GSK-690693","EGFR,DDX42,STX1A,STX4,PTPRK,CTTN,SQSTM1,RAB21"
"Protein Modification By Small Protein Conjugation (GO:0032446)",1.3057635142913,0.398404036847973,17,"QL-XII-47 + GSK-690693","KEAP1,KLHL21,ZNF451,CNOT4,STX1A,USP7,NFE2L2,UFM1,MYCBP2"
"Protein Modification Process (GO:0036211)",-0.689273313625295,0.965431087446242,38,"QL-XII-47 + GSK-690693","UBE2L6,BECN1,MSRA,PARP1,CCL2,AKT1,PMM2,CHEK2,CDK6,PAK4,CDK4,PTK2,ADAM10"
"Protein Phosphorylation (GO:0006468)",1.17289902908737,0.47561853351327,32,"QL-XII-47 + GSK-690693","EGFR,IGF1R,IKBKB,STK25,APP,CSNK1A1,CREB1,CAB39,CSNK1E,DDR1"
"Protein Polyubiquitination (GO:0000209)",-1.025225102762,0.63770433546553,12,"QL-XII-47 + GSK-690693","STUB1,UBE2L6,UBE3C,UBE2A"
"Protein Stabilization (GO:0050821)",-0.744562340561861,0.895684175309468,20,"QL-XII-47 + GSK-690693","STUB1,HSPD1,RUVBL1,ATP1B1,CTNND1"
"Protein Targeting (GO:0006605)",-0.492510428129025,0.989066215332219,10,"QL-XII-47 + GSK-690693","FIS1,ZDHHC6,TIMM9,TIMM17B,EDEM1,ICMT,ATG3,TOMM70,FBXO7,TOMM34"
"Protein Targeting To Mitochondrion (GO:0006626)",-0.920764843466491,0.746153846153846,10,"QL-XII-47 + GSK-690693","HSPD1,FIS1"
"Protein Transport (GO:0015031)",0.748570672733276,0.895684175309468,18,"QL-XII-47 + GSK-690693","STX1A,STX4,CTTN,RAB21"
"Protein Ubiquitination (GO:0016567)",1.02195603473515,0.63770433546553,20,"QL-XII-47 + GSK-690693","KEAP1,KLHL21,BIRC2,CNOT4,USP7,NFE2L2,MYCBP2,TRIM2"
"Protein-Containing Complex Assembly (GO:0065003)",-1.22770869251332,0.464513442469354,20,"QL-XII-47 + GSK-690693","PSMG1,HSPD1,BECN1,BAD,TMED10,ITGB1BP1"
"Proteolysis (GO:0006508)",1.20172602556316,0.496413262181786,13,"QL-XII-47 + GSK-690693","CASP3,CTSL,CLPX,CTSD,SENP6,LGMN,MBTPS1"
"RNA Processing (GO:0006396)",0.696182077101292,0.908263488737559,12,"QL-XII-47 + GSK-690693","DNTTIP2,AKAP8L,RBM6,DUSP11,PRPF4,RNPS1"
"RNA Splicing, Via Transesterification Reactions With Bulged Adenosine As Nucleophile (GO:0000377)",-1.19290188230667,0.501648458206736,10,"QL-XII-47 + GSK-690693","HSPA8,LSM6"
"Ras Protein Signal Transduction (GO:0007265)",-0.75675280508736,0.89292741953724,16,"QL-XII-47 + GSK-690693","RHOA,NRAS"
"Regulation Of Apoptotic Process (GO:0042981)",1.68719410910674,0.0343245053373915,65,"QL-XII-47 + GSK-690693","EGFR,MYC,GADD45B,IGF1R,GADD45A,FOXO3,DUSP6,EGR1,ERBB3,BIRC2,SOX4,FHL2,DDX42,CASP3,JUN,TFAP2A,PMAIP1,SOCS2,SQSTM1,CD44,UFM1,ATF5,TJP1,CTSD,HSPA1B,HSPA1A,TRIM2"
"Regulation Of Autophagy (GO:0010506)",-0.800525542639505,0.838454764553207,27,"QL-XII-47 + GSK-690693","BECN1,BAD,HSPB1,BNIP3,TRIB3,AKT1,VDAC1,EIF4G1,ATF6"
"Regulation Of Canonical Wnt Signaling Pathway (GO:0060828)",1.35169504352628,0.37975225569659,11,"QL-XII-47 + GSK-690693","EGFR,SOX4,CSNK1A1,TLE1,CSNK1E"
"Regulation Of Cell Adhesion (GO:0030155)",1.15581783324444,0.505442334414081,11,"QL-XII-47 + GSK-690693","CYTH1,ERBB3"
"Regulation Of Cell Cycle (GO:0051726)",1.65439562496121,0.174859995162584,23,"QL-XII-47 + GSK-690693","MYC,GADD45B,GADD45A,CDKN1A,BIRC2,GATA3,JUN,CDKN1B,IQGAP1,PTPRK,STAT3"
"Regulation Of Cell Cycle G1/S Phase Transition (GO:1902806)",0.570489730767972,0.974833292951426,13,"QL-XII-47 + GSK-690693","CDKN1A,CDKN1B"
"Regulation Of Cell Cycle Process (GO:0010564)",-0.931938609838348,0.723054885004112,14,"QL-XII-47 + GSK-690693","BECN1,CALM3,CALM1,CALM2"
"Regulation Of Cell Differentiation (GO:0045595)",0.843649035060315,0.818831168831169,15,"QL-XII-47 + GSK-690693","CEBPD,BIRC2,GATA3,TFAP2A"
"Regulation Of Cell Growth (GO:0001558)",1.31643624344631,0.37975225569659,25,"QL-XII-47 + GSK-690693","EGFR,DNAJB2,CDKN1A,SMAD3,CCDC85B,CDKN1B,SOCS2,HSPA1B,HSPA1A"
"Regulation Of Cell Migration (GO:0030334)",1.08853285058746,0.542522876511089,28,"QL-XII-47 + GSK-690693","EGFR,IGF1R,FOXO3,ARID4B,SYNE2"
"Regulation Of Cell Population Proliferation (GO:0042127)",1.80176524426224,0.0182807675106451,58,"QL-XII-47 + GSK-690693","EGFR,MYC,IGF1R,DNAJB2,ERBB3,CDKN1A,BIRC2,SOX4,GATA3,SMAD3,EAPP,FOSL1,JUN,CHERP,TFAP2A,APP,CDKN1B,STX4,PTPRK,STAT3,ATF5,TJP1,HSPA1B,HSPA1A"
"Regulation Of Cellular Component Organization (GO:0051128)",-1.15464523208461,0.509558920095308,10,"QL-XII-47 + GSK-690693","HSPA8,RAB4A"
"Regulation Of Cold-Induced Thermogenesis (GO:0120161)",1.56454536719111,0.268846250387031,10,"QL-XII-47 + GSK-690693","IGF1R,KDM3A"
"Regulation Of Cyclin-Dependent Protein Serine/Threonine Kinase Activity (GO:0000079)",1.4145440578186,0.369750187189436,12,"QL-XII-47 + GSK-690693","EGFR,GADD45A,CDKN1A"
"Regulation Of DNA Repair (GO:0006282)",-0.954916937257433,0.717243419106773,11,"QL-XII-47 + GSK-690693","PCNA,RUVBL1,PARP1"
"Regulation Of DNA-templated Transcription (GO:0006355)",1.69638135352804,0.0285846137872009,93,"QL-XII-47 + GSK-690693","EGFR,MYC,NR3C1,KDM5A,FOXO3,EGR1,KDM3A,ARID4B,KAT6A,CEBPD,TERF2IP,SOX4,GATA3,KAT6B,FOXJ3,RELB,SMAD3,IKBKB,FOSL1,ARID5B,RBM15B,CCDC85B,JUN,TFAP2A,HIF1A,CDKN1B,CREB1,MTF2,NFE2L2,BHLHE40,PTPRK,TLE1,STAT3,ATF5,ZNF274,JMJD6"
"Regulation Of ERK1 And ERK2 Cascade (GO:0070372)",1.29802255897991,0.398404036847973,17,"QL-XII-47 + GSK-690693","EGFR,DUSP6,DUSP4,APP,CD44,DDR1"
"Regulation Of G1/S Transition Of Mitotic Cell Cycle (GO:2000045)",0.889803255918292,0.746153846153846,19,"QL-XII-47 + GSK-690693","EGFR,CDKN1A"
"Regulation Of GTPase Activity (GO:0043087)",-0.903233982127233,0.746153846153846,12,"QL-XII-47 + GSK-690693","ITGB1BP1,CCL2"
"Regulation Of Gene Expression (GO:0010468)",1.66159291845677,0.0456611325696707,57,"QL-XII-47 + GSK-690693","MYC,NR3C1,TIPARP,EGR1,KAT6A,TERF2IP,SOX4,GATA3,KAT6B,SMAD3,MBNL2,ZNF131,TFAP2A,APP,HIF1A,MTF2,NFE2L2,BHLHE40,TLE1,STAT3,TICAM1,ATF5,ZNF274,HSPA1B,HSPA1A"
"Regulation Of I-kappaB kinase/NF-kappaB Signaling (GO:0043122)",0.928431548916109,0.723054885004112,21,"QL-XII-47 + GSK-690693","HMOX1,TERF2IP,BIRC2,IKBKB,SQSTM1,TLE1,TICAM1"
"Regulation Of Inflammatory Response (GO:0050727)",1.31126579930923,0.417826375082836,10,"QL-XII-47 + GSK-690693","BIRC2,GATA3,APP,STAT3"
"Regulation Of Intracellular Signal Transduction (GO:1902531)",0.83246991853159,0.832429990966576,16,"QL-XII-47 + GSK-690693","EGFR,KAT6A"
"Regulation Of MAPK Cascade (GO:0043408)",1.36464972124687,0.398404036847973,12,"QL-XII-47 + GSK-690693","EGFR,IGF1R,DUSP6,DUSP4,IQGAP1"
"Regulation Of Macroautophagy (GO:0016241)",-1.07307553994815,0.596923076923077,11,"QL-XII-47 + GSK-690693","BECN1,BNIP3"
"Regulation Of Macromolecule Metabolic Process (GO:0060255)",1.27787051088793,0.462823061630219,10,"QL-XII-47 + GSK-690693","MYC,APP,HIF1A"
"Regulation Of Mitotic Cell Cycle (GO:0007346)",-0.558237351826114,0.978339947089947,12,"QL-XII-47 + GSK-690693","EIF4EBP1"
"Regulation Of Mitotic Cell Cycle Phase Transition (GO:1901990)",0.504768766387048,0.991820040899795,15,"QL-XII-47 + GSK-690693","CDKN1A"
"Regulation Of Neuron Apoptotic Process (GO:0043523)",1.49024208704156,0.308505181081358,12,"QL-XII-47 + GSK-690693","FOXO3,EGR1,ERBB3"
"Regulation Of Nucleic Acid-Templated Transcription (GO:1903506)",1.5156983267533,0.17521600532461,24,"QL-XII-47 + GSK-690693","NR3C1,KAT6A,TERF2IP,SOX4,KAT6B,SMAD3,HIF1A,MTF2,BHLHE40,STAT3,ATF5,ZNF274"
"Regulation Of Phosphorylation (GO:0042325)",1.57032239328499,0.268846250387031,10,"QL-XII-47 + GSK-690693","EGFR,CDKN1A,IKBKB,APP,CDKN1B"
"Regulation Of Programmed Cell Death (GO:0043067)",-1.15531357809048,0.505268599149072,18,"QL-XII-47 + GSK-690693","BECN1,TMEM109,BNIP3,RUVBL1,AKT1,VPS72"
"Regulation Of Proteasomal Ubiquitin-Dependent Protein Catabolic Process (GO:0032434)",1.08908357065592,0.560884353741497,13,"QL-XII-47 + GSK-690693","DNAJB2,KEAP1,CSNK1A1,USP7,CSNK1E,HSPA1B,HSPA1A,TLK2"
"Regulation Of Protein Binding (GO:0043393)",0.894843825280066,0.746153846153846,13,"QL-XII-47 + GSK-690693","DNAJB2,CDKN1A"
"Regulation Of Protein Catabolic Process (GO:0042176)",1.42565393259963,0.338656960332789,11,"QL-XII-47 + GSK-690693","EGFR,TIPARP,VPS28,CDKN1B"
"Regulation Of Protein Kinase Activity (GO:0045859)",-1.03116535509074,0.63770433546553,11,"QL-XII-47 + GSK-690693","HSPB1,ITGB1BP1,TRIB3,AKT1"
"Regulation Of Protein Metabolic Process (GO:0051246)",0.627725471863954,0.949618931323424,11,"QL-XII-47 + GSK-690693","FOXO3"
"Regulation Of Protein Phosphorylation (GO:0001932)",1.25247069298333,0.462823061630219,16,"QL-XII-47 + GSK-690693","EGFR,CDKN1A,TERF2IP"
"Regulation Of Protein Serine/Threonine Kinase Activity (GO:0071900)",-0.981245133054757,0.683098591549296,20,"QL-XII-47 + GSK-690693","RHOA,CALM3,CALM1,CALM2,TRIB3,AKT1"
"Regulation Of Protein Ubiquitination (GO:0031396)",1.22049979764186,0.47561853351327,12,"QL-XII-47 + GSK-690693","DNAJB2,BIRC2,SOX4,VPS28,SQSTM1,HSPA1B,HSPA1A,MYCBP2"
"Regulation Of Signal Transduction (GO:0009966)",1.16301968435319,0.509558920095308,12,"QL-XII-47 + GSK-690693","ERBB3,GATA3,APP,SOCS2"
"Regulation Of Transcription By RNA Polymerase II (GO:0006357)",1.9300416978337,0.00413150471701863,90,"QL-XII-47 + GSK-690693","EGFR,MYC,NR3C1,NCOA3,ZFP36,GADD45A,FOXO3,EGR1,KDM3A,ARID4B,CEBPD,SOX4,GATA3,FOXJ3,DRAP1,RELB,FHL2,SMAD3,IKBKB,FOSL1,ARID5B,JUN,ZNF131,TFAP2A,APP,HIF1A,AKAP8L,CREB1,NFE2L2,BHLHE40,SQSTM1,STAT3,ATF5,ZNF274,JMJD6,HSPA1A,SPEN,ATMIN,NFKB2"
"Regulation Of Transforming Growth Factor Beta Receptor Signaling Pathway (GO:0017015)",0.897282868839194,0.746153846153846,10,"QL-XII-47 + GSK-690693","ARID4B,ZNF451,SMAD3"
"Regulation Of Translation (GO:0006417)",0.776476042900834,0.885267275097783,17,"QL-XII-47 + GSK-690693","FOXO3,SOX4,YTHDF1,APP"
"Regulation Of miRNA Transcription (GO:1902893)",2.11151549876703,0.0044636275050793,15,"QL-XII-47 + GSK-690693","EGFR,MYC,NR3C1,FOXO3,EGR1,GATA3,SMAD3,FOSL1,JUN,HIF1A"
"Response To Cytokine (GO:0034097)",0.807067191167553,0.832429990966576,10,"QL-XII-47 + GSK-690693","RELB,CASP3,APP"
"Response To Endoplasmic Reticulum Stress (GO:0034976)",-0.629133987685391,0.951348561104659,13,"QL-XII-47 + GSK-690693","TRIB3,TMCO1,ATF6"
"Response To Lipopolysaccharide (GO:0032496)",-0.829939595529347,0.818831168831169,12,"QL-XII-47 + GSK-690693","RHOA,CCL2,SCARB1"
"Response To Reactive Oxygen Species (GO:0000302)",1.7253673928155,0.174859995162584,12,"QL-XII-47 + GSK-690693","EGFR,HMOX1,STK25,JUN,HIF1A,PTPRK,SQSTM1"
"Response To Tumor Necrosis Factor (GO:0034612)",1.03042241626205,0.621681010803882,11,"QL-XII-47 + GSK-690693","ZFP36,GATA3,IKBKB,CASP3,NFE2L2"
"Response To UV (GO:0009411)",1.11428926240515,0.54987315195521,13,"QL-XII-47 + GSK-690693","EGFR,MYC"
"Response To Unfolded Protein (GO:0006986)",-1.39991968918675,0.329410835571,11,"QL-XII-47 + GSK-690693","HSPA8,HSPD1,HSPB1"
"Ribosome Biogenesis (GO:0042254)",-0.680926646038794,0.917036874931612,11,"QL-XII-47 + GSK-690693","NOLC1,EXOSC4,GRWD1,RPS5"
"Small GTPase Mediated Signal Transduction (GO:0007264)",-0.73600223197908,0.895684175309468,15,"QL-XII-47 + GSK-690693","NUCB2,NRAS,HACD3"
"Supramolecular Fiber Organization (GO:0097435)",-1.20931194197564,0.47561853351327,16,"QL-XII-47 + GSK-690693","RHOA,STMN1,MYL9,ALDOA,EVL,DNAJB6,CDC42"
"Transcription By RNA Polymerase II (GO:0006366)",-1.04928627306665,0.621681010803882,14,"QL-XII-47 + GSK-690693","GTF2A2,TFDP1,PARP1,POLR2K,POLR2I,GTF2E2"
"Transmembrane Receptor Protein Tyrosine Kinase Signaling Pathway (GO:0007169)",1.08741728270604,0.560884353741497,23,"QL-XII-47 + GSK-690693","EGFR,IGF1R,ERBB3,MVP"
"Ubiquitin-Dependent Protein Catabolic Process (GO:0006511)",1.36687323957188,0.329410835571,28,"QL-XII-47 + GSK-690693","KCTD5,KEAP1,BIRC2,CNOT4,VPS28,CHMP4A,APPBP2,KLHDC2,CSNK1A1,NFE2L2,SQSTM1"
"Vesicle-Mediated Transport (GO:0016192)",-0.967395261018886,0.692030164930556,16,"QL-XII-47 + GSK-690693","RAB27A,BECN1,RAB4A,TMED10"
"Wound Healing (GO:0042060)",1.64126205970353,0.190589465714949,10,"QL-XII-47 + GSK-690693","HMOX1,ERBB3,SMAD3,CHMP4A"
"mRNA Processing (GO:0006397)",0.843225543517381,0.79915386328212,13,"QL-XII-47 + GSK-690693","RNMT"
"mRNA Splicing, Via Spliceosome (GO:0000398)",-1.09320715993896,0.571218255428782,11,"QL-XII-47 + GSK-690693","HSPA8,LSM6"
